aeslc_10templates,ag_news_subset_10templates,anli_r1_10templates,anli_r2_10templates,anli_r3_10templates,arc_challenge_10templates,arc_easy_10templates,bool_q_10templates,cb_10templates,cnn_dailymail_10templates,cola_10templates,common_gen_10templates,copa_10templates,coqa_10templates,cosmos_qa_10templates,dart_10templates,definite_pronoun_resolution_10templates,drop_10templates,e2e_nlg_10templates,fix_punct_10templates,gigaword_10templates,glue_mrpc_10templates,glue_qqp_10templates,hellaswag_10templates,imdb_reviews_10templates,math_dataset_10templates,mnli_matched_10templates,mnli_mismatched_10templates,multi_news_10templates,multirc_10templates,natural_questions_10templates,openbookqa_10templates,opinion_abstracts_idebate_10templates,opinion_abstracts_rotten_tomatoes_10templates,para_crawl_enes_10templates,paws_wiki_10templates,piqa_10templates,qnli_10templates,quac_10templates,record_10templates,rte_10templates,samsum_10templates,sentiment140_10templates,snli_10templates,squad_v1_10templates,squad_v2_10templates,sst2_10templates,story_cloze_10templates,stsb_10templates,trec_10templates,trivia_qa_10templates,true_case_10templates,web_nlg_en_10templates,wic_10templates,wiki_lingua_english_en_10templates,wmt14_enfr_10templates,wmt16_translate_csen_10templates,wmt16_translate_deen_10templates,wmt16_translate_fien_10templates,wmt16_translate_roen_10templates,wmt16_translate_ruen_10templates,wmt16_translate_tren_10templates,wnli_10templates,word_segment_10templates,wsc_10templates,yelp_polarity_reviews_10templates
-1.920513391494751,-1.6198173761367798,-1.378517746925354,-1.3960214853286743,-1.5193390846252441,-1.4016926288604736,-1.5246312618255615,-1.52679443359375,-1.6580523252487183,-1.5140186548233032,-1.7422840595245361,-2.2463393211364746,-1.4140901565551758,-0.7125221490859985,-1.1709965467453003,-1.3591387271881104,-1.3312805891036987,-1.4365851879119873,-1.3794149160385132,-0.5035973787307739,-1.8302134275436401,-1.4535819292068481,-1.6753087043762207,-0.5363056063652039,-2.069471597671509,-1.84624183177948,-1.2968333959579468,-1.3168622255325317,-1.6711688041687012,-1.6947156190872192,-1.6744556427001953,-1.6753146648406982,-2.1411921977996826,-1.9967502355575562,-1.3898556232452393,-1.5375239849090576,-0.909779965877533,-1.63106369972229,-0.8824878931045532,-0.7465410828590393,-1.6204675436019897,-1.5946474075317383,-2.4933722019195557,-1.605272650718689,-1.287610411643982,-1.0825297832489014,-1.9709618091583252,-1.1227471828460693,-1.5755659341812134,-1.980198860168457,-1.7501113414764404,-0.39240047335624695,-1.060045599937439,-1.171025276184082,-1.6766514778137207,-1.2569745779037476,-1.549507737159729,-1.1881135702133179,-1.3167082071304321,-1.2509279251098633,-1.1447906494140625,-1.6090863943099976,-1.3853135108947754,-0.5240750908851624,-1.4971405267715454,-2.034106731414795
-2.2989978790283203,-1.416483998298645,-1.2271722555160522,-1.2397212982177734,-1.3301903009414673,-1.288482904434204,-1.4416067600250244,-1.219220757484436,-1.4250261783599854,-1.5386558771133423,-1.590203881263733,-2.407013416290283,-1.4000420570373535,-0.7051449418067932,-1.0138152837753296,-1.4333620071411133,-1.357542872428894,-1.6116716861724854,-1.4599872827529907,-0.5957198143005371,-2.035670042037964,-1.2355072498321533,-1.2316867113113403,-0.3864452838897705,-1.9456571340560913,-1.9645824432373047,-1.0809299945831299,-1.0929667949676514,-1.6571804285049438,-1.4439586400985718,-1.9763939380645752,-1.5868747234344482,-2.279935121536255,-2.0686464309692383,-1.4757493734359741,-1.2579995393753052,-0.9029229879379272,-1.5063029527664185,-1.0019201040267944,-0.5974283814430237,-1.4390556812286377,-1.6657379865646362,-2.5169615745544434,-1.4971109628677368,-1.5718164443969727,-1.312769889831543,-1.8238555192947388,-1.104945421218872,-1.5923666954040527,-1.7290582656860352,-2.2513256072998047,-0.5078955292701721,-1.140455961227417,-1.0128618478775024,-1.7380547523498535,-1.3606995344161987,-1.6719311475753784,-1.2889024019241333,-1.4291495084762573,-1.3467912673950195,-1.247753381729126,-1.6872167587280273,-1.218640923500061,-0.6137270927429199,-1.18766188621521,-1.9373440742492676
-2.3953537940979004,-1.6167376041412354,-1.409656047821045,-1.4162428379058838,-1.5130068063735962,-1.3989938497543335,-1.5648540258407593,-1.4935787916183472,-1.6183924674987793,-1.540622591972351,-1.7690879106521606,-2.49927020072937,-1.5747627019882202,-0.6866599917411804,-1.10219407081604,-1.4938329458236694,-1.6362509727478027,-1.7582558393478394,-1.5514498949050903,-0.6681718230247498,-2.1682567596435547,-1.467128872871399,-1.4724478721618652,-0.4105565845966339,-2.0893774032592773,-2.2069365978240967,-1.1787327527999878,-1.189968228340149,-1.664750576019287,-1.6267644166946411,-2.072176933288574,-1.7321076393127441,-2.296813488006592,-2.0840847492218018,-1.5112944841384888,-1.5764009952545166,-0.9563711285591125,-1.5507588386535645,-1.0072379112243652,-0.6384984254837036,-1.4508585929870605,-1.6773686408996582,-2.7652456760406494,-1.5732418298721313,-1.7253903150558472,-1.5490959882736206,-2.164280652999878,-1.1662534475326538,-1.7506390810012817,-2.0076980590820312,-2.4917895793914795,-0.5731496214866638,-1.2041980028152466,-1.2107666730880737,-1.7354239225387573,-1.4139763116836548,-1.716389536857605,-1.3592567443847656,-1.469146490097046,-1.393782377243042,-1.3042916059494019,-1.7364294528961182,-1.4742580652236938,-0.673136293888092,-1.4635863304138184,-2.107684850692749
-2.4177937507629395,-1.6013120412826538,-1.3724581003189087,-1.3815276622772217,-1.4818559885025024,-1.3980826139450073,-1.5590463876724243,-1.4638264179229736,-1.5909245014190674,-1.541643500328064,-1.7438808679580688,-2.497582197189331,-1.551903247833252,-0.6883141398429871,-1.0928231477737427,-1.5015805959701538,-1.6156270503997803,-1.8076688051223755,-1.5586163997650146,-0.6632595658302307,-2.182861804962158,-1.4098927974700928,-1.4376953840255737,-0.4120247960090637,-2.0794129371643066,-2.224207878112793,-1.167645812034607,-1.1804981231689453,-1.6648484468460083,-1.614701747894287,-2.072169542312622,-1.7191178798675537,-2.320190191268921,-2.0952279567718506,-1.5032618045806885,-1.529761791229248,-0.951770544052124,-1.5289028882980347,-1.027596354484558,-0.6402652263641357,-1.427943468093872,-1.6860785484313965,-2.7470815181732178,-1.5682541131973267,-1.7454713582992554,-1.5776677131652832,-2.1375646591186523,-1.166804313659668,-1.7629140615463257,-2.0159895420074463,-2.4783987998962402,-0.5694777965545654,-1.2076703310012817,-1.1524221897125244,-1.7388111352920532,-1.4090203046798706,-1.7116363048553467,-1.3516912460327148,-1.460198163986206,-1.3904105424880981,-1.3007277250289917,-1.731741189956665,-1.436253309249878,-0.6680914759635925,-1.4140032529830933,-2.093142032623291
-2.402970552444458,-1.6247978210449219,-1.425289511680603,-1.4347810745239258,-1.510279893875122,-1.3917224407196045,-1.5529896020889282,-1.4970605373382568,-1.632851243019104,-1.5438376665115356,-1.7441737651824951,-2.467946767807007,-1.5116710662841797,-0.6943024396896362,-1.1043155193328857,-1.4783259630203247,-1.6001945734024048,-1.795742392539978,-1.523659348487854,-0.66529780626297,-2.1533942222595215,-1.4572688341140747,-1.4605882167816162,-0.42084479331970215,-2.085533618927002,-2.1914165019989014,-1.1974749565124512,-1.208627462387085,-1.6661577224731445,-1.6420563459396362,-2.048238515853882,-1.7187148332595825,-2.3039255142211914,-2.087367296218872,-1.5043954849243164,-1.5565069913864136,-0.9504358768463135,-1.5559900999069214,-1.0268374681472778,-0.645799458026886,-1.4618966579437256,-1.68136727809906,-2.732234477996826,-1.5876585245132446,-1.723890781402588,-1.5717393159866333,-2.1040656566619873,-1.1591922044754028,-1.7497221231460571,-2.018648862838745,-2.3941617012023926,-0.5804621577262878,-1.188858151435852,-1.2117624282836914,-1.7392988204956055,-1.4011427164077759,-1.7130622863769531,-1.3473750352859497,-1.4615528583526611,-1.3823847770690918,-1.2966967821121216,-1.7229158878326416,-1.4719371795654297,-0.6605038642883301,-1.4718308448791504,-2.0881848335266113
-2.2446982860565186,-1.3867862224578857,-1.3666375875473022,-1.3830456733703613,-1.4806585311889648,-1.1680816411972046,-1.2983627319335938,-1.419310450553894,-1.6150469779968262,-1.531896948814392,-1.699759840965271,-2.352526903152466,-1.5496079921722412,-0.7087149024009705,-0.9979713559150696,-1.3959671258926392,-1.6157121658325195,-1.546402931213379,-1.4353407621383667,-0.5389689207077026,-1.998497724533081,-1.3552117347717285,-1.3539237976074219,-0.35343363881111145,-2.0790772438049316,-1.8758084774017334,-1.19088613986969,-1.212851643562317,-1.6610418558120728,-1.466628074645996,-1.7829232215881348,-1.4687925577163696,-2.2253401279449463,-2.013791561126709,-1.4298768043518066,-1.335095763206482,-0.9513501524925232,-1.6550213098526,-0.9298509955406189,-0.5906848907470703,-1.563240647315979,-1.6290934085845947,-2.654934883117676,-1.5674519538879395,-1.4159648418426514,-1.2315438985824585,-1.9573924541473389,-1.1875905990600586,-1.6099698543548584,-1.743613600730896,-1.9910401105880737,-0.4299343228340149,-1.0915441513061523,-1.1194336414337158,-1.7031075954437256,-1.3202730417251587,-1.6115753650665283,-1.2497406005859375,-1.3705689907073975,-1.2990914583206177,-1.2023677825927734,-1.6356991529464722,-1.3678185939788818,-0.5340209603309631,-1.295924186706543,-2.075456380844116
-2.2718822956085205,-1.3823031187057495,-1.339134693145752,-1.3614753484725952,-1.457008957862854,-1.2040616273880005,-1.3261853456497192,-1.3334625959396362,-1.5743818283081055,-1.5328376293182373,-1.6816177368164062,-2.4231646060943604,-1.5536129474639893,-0.7024517059326172,-1.0155179500579834,-1.4230536222457886,-1.552172303199768,-1.5761439800262451,-1.4640852212905884,-0.5703855156898499,-2.0472545623779297,-1.2982925176620483,-1.3048175573349,-0.3421996533870697,-2.031586170196533,-1.981461763381958,-1.1741644144058228,-1.1955653429031372,-1.659651756286621,-1.404138207435608,-1.854756474494934,-1.5042214393615723,-2.246828079223633,-2.0308258533477783,-1.4545620679855347,-1.2961724996566772,-0.9538681507110596,-1.5563180446624756,-0.9412161111831665,-0.5797897577285767,-1.5017017126083374,-1.641678810119629,-2.6391332149505615,-1.5558160543441772,-1.463686227798462,-1.276854157447815,-1.8738551139831543,-1.1925787925720215,-1.6340594291687012,-1.7226965427398682,-2.1015896797180176,-0.47454047203063965,-1.118791937828064,-1.0822738409042358,-1.69832444190979,-1.3544747829437256,-1.6539226770401,-1.2867438793182373,-1.4039602279663086,-1.3354737758636475,-1.2336623668670654,-1.6694906949996948,-1.3198782205581665,-0.5548893213272095,-1.2813082933425903,-2.025756359100342
-2.435567617416382,-1.5922601222991943,-1.2982254028320312,-1.3111391067504883,-1.4195654392242432,-1.4087845087051392,-1.5716031789779663,-1.5739238262176514,-1.521921992301941,-1.540575385093689,-1.6765050888061523,-2.452643871307373,-1.3336583375930786,-0.6967909336090088,-1.1612496376037598,-1.5105668306350708,-1.2406715154647827,-1.886256217956543,-1.5520589351654053,-0.685053288936615,-2.141106367111206,-1.4459514617919922,-1.5059698820114136,-0.4426213502883911,-1.962591290473938,-2.3362884521484375,-1.2029353380203247,-1.216158390045166,-1.6742494106292725,-1.610257625579834,-2.168903112411499,-1.702962875366211,-2.3563029766082764,-2.094592571258545,-1.533705711364746,-1.5340601205825806,-0.9031965732574463,-1.6249653100967407,-1.0724868774414062,-0.669333815574646,-1.5637059211730957,-1.7016692161560059,-2.537013530731201,-1.6515755653381348,-1.7671571969985962,-1.5956653356552124,-1.9153780937194824,-1.057547926902771,-1.8034089803695679,-2.0006089210510254,-2.2041525840759277,-0.605812668800354,-1.2191745042800903,-1.1120598316192627,-1.7555211782455444,-1.45150625705719,-1.7679250240325928,-1.395430088043213,-1.5013209581375122,-1.427430272102356,-1.3421093225479126,-1.7594311237335205,-1.5391907691955566,-0.6802293062210083,-1.5694851875305176,-1.9632534980773926
-2.467437744140625,-1.6822935342788696,-1.2300750017166138,-1.2496522665023804,-1.3322597742080688,-1.4235128164291382,-1.577211856842041,-1.6850841045379639,-1.683395266532898,-1.5511655807495117,-1.7312668561935425,-2.508742570877075,-1.6044352054595947,-0.6937618851661682,-1.1445327997207642,-1.504952073097229,-1.7045714855194092,-1.78219735622406,-1.542876124382019,-0.6784268021583557,-2.172123670578003,-1.5637446641921997,-1.513954520225525,-0.4517902731895447,-2.159208059310913,-2.2010321617126465,-1.2315998077392578,-1.2464418411254883,-1.6740045547485352,-1.7614818811416626,-2.1134724617004395,-1.7333903312683105,-2.3511950969696045,-2.1048619747161865,-1.5187883377075195,-1.6588222980499268,-0.989755392074585,-1.9937958717346191,-1.0451738834381104,-0.6741799712181091,-1.9670052528381348,-1.7110741138458252,-2.7183358669281006,-1.6304997205734253,-1.7035943269729614,-1.5495080947875977,-2.1040873527526855,-1.208728313446045,-1.7289191484451294,-2.0701534748077393,-2.323411464691162,-0.5887525081634521,-1.2113057374954224,-1.2508881092071533,-1.761054515838623,-1.43000066280365,-1.746644139289856,-1.3729790449142456,-1.493578314781189,-1.4127458333969116,-1.3191137313842773,-1.7468574047088623,-1.5426337718963623,-0.6595869660377502,-1.54396653175354,-2.1616032123565674
-2.2534303665161133,-1.9141199588775635,-1.5783427953720093,-1.566773772239685,-1.7290164232254028,-1.5286189317703247,-1.6739938259124756,-1.944104552268982,-1.875524878501892,-1.4638692140579224,-2.0933592319488525,-2.327018976211548,-1.5020933151245117,-0.7146374583244324,-1.2311902046203613,-1.3713345527648926,-1.8582135438919067,-1.6330969333648682,-1.4151376485824585,-0.5261158347129822,-1.963440179824829,-2.0408921241760254,-2.1808595657348633,-0.5630028247833252,-2.3332712650299072,-2.0247621536254883,-1.6297322511672974,-1.6468034982681274,-1.7093294858932495,-2.1939351558685303,-1.8071715831756592,-1.8947817087173462,-2.1733851432800293,-2.0048601627349854,-1.4067833423614502,-1.9956188201904297,-0.9795092344284058,-2.030940294265747,-0.8837255835533142,-0.8272031545639038,-1.9621926546096802,-1.573123812675476,-2.6754300594329834,-1.8297828435897827,-1.5301679372787476,-1.4661853313446045,-2.318192720413208,-1.206722378730774,-1.858230471611023,-2.3358047008514404,-2.1375114917755127,-0.4282241761684418,-1.071865439414978,-1.6127140522003174,-1.6530898809432983,-1.2601248025894165,-1.5599364042282104,-1.215116024017334,-1.3238853216171265,-1.264731764793396,-1.1726772785186768,-1.6110261678695679,-1.819299340248108,-0.5697081685066223,-2.0833747386932373,-2.3315372467041016
-2.340883731842041,-1.55012845993042,-1.2408205270767212,-1.262599229812622,-1.3521586656570435,-1.3552582263946533,-1.5137120485305786,-1.2962027788162231,-1.439018726348877,-1.5426025390625,-1.6165307760238647,-2.3994643688201904,-1.2993401288986206,-0.7197524309158325,-1.0790355205535889,-1.4297508001327515,-1.2699174880981445,-1.7027180194854736,-1.4629414081573486,-0.5807234644889832,-2.0381205081939697,-1.2698620557785034,-1.32425057888031,-0.43309271335601807,-1.9895811080932617,-2.079277276992798,-1.083338975906372,-1.0974299907684326,-1.6661314964294434,-1.5015387535095215,-1.9998669624328613,-1.6362935304641724,-2.2965428829193115,-2.049356698989868,-1.4661983251571655,-1.3315236568450928,-0.8515222072601318,-1.4713466167449951,-1.0195361375808716,-0.6673895716667175,-1.437080979347229,-1.6587203741073608,-2.5363833904266357,-1.4629547595977783,-1.6068193912506104,-1.4138849973678589,-1.8612797260284424,-1.0897952318191528,-1.6322200298309326,-1.9038125276565552,-2.188441514968872,-0.4709147810935974,-1.1305983066558838,-1.0301427841186523,-1.7405872344970703,-1.353364109992981,-1.65182626247406,-1.2836748361587524,-1.4076069593429565,-1.3316274881362915,-1.2379401922225952,-1.6740823984146118,-1.328446865081787,-0.5986987352371216,-1.265658974647522,-1.9781031608581543
-2.1900365352630615,-1.4895882606506348,-1.4279409646987915,-1.453401803970337,-1.5524495840072632,-1.3582704067230225,-1.4918947219848633,-1.7211406230926514,-1.7310513257980347,-1.5226881504058838,-1.654608964920044,-2.183812379837036,-1.2925914525985718,-0.7240968942642212,-1.1219465732574463,-1.3163694143295288,-1.3815428018569946,-1.5232133865356445,-1.3489247560501099,-0.45393019914627075,-1.9603850841522217,-1.6046658754348755,-1.8552510738372803,-0.4973483383655548,-2.1320488452911377,-1.813053846359253,-1.313248872756958,-1.321178913116455,-1.662655234336853,-2.034234046936035,-1.7185953855514526,-1.5903960466384888,-2.159836530685425,-1.9812002182006836,-1.3797328472137451,-1.6538662910461426,-0.8750093579292297,-1.7121450901031494,-0.9120413661003113,-0.7562398910522461,-1.681746244430542,-1.5804752111434937,-2.517789602279663,-1.4707062244415283,-1.3660943508148193,-1.2040351629257202,-1.9242860078811646,-1.1032291650772095,-1.598362922668457,-1.939497947692871,-1.8015327453613281,-0.3493373990058899,-1.0053479671478271,-1.1640738248825073,-1.689168095588684,-1.232762098312378,-1.5113383531570435,-1.1646842956542969,-1.2803056240081787,-1.214249610900879,-1.1249102354049683,-1.5551477670669556,-1.4959697723388672,-0.4953489899635315,-1.6933691501617432,-2.1098272800445557
-2.385234832763672,-1.5197571516036987,-1.2377398014068604,-1.2641252279281616,-1.3527597188949585,-1.3431963920593262,-1.5020915269851685,-1.3286991119384766,-1.5012837648391724,-1.538903832435608,-1.6072593927383423,-2.5549912452697754,-1.152408242225647,-0.7218995690345764,-1.028459906578064,-1.4630439281463623,-1.2694236040115356,-1.6927341222763062,-1.498671293258667,-0.5982697010040283,-2.1092612743377686,-1.3289273977279663,-1.3382132053375244,-0.3831571638584137,-1.9776667356491089,-2.1031908988952637,-1.095070481300354,-1.108028531074524,-1.6663035154342651,-1.464614748954773,-2.0263068675994873,-1.6825326681137085,-2.2938547134399414,-2.049252510070801,-1.479715347290039,-1.3434253931045532,-0.8597024083137512,-1.5471893548965454,-0.9934492707252502,-0.6214659810066223,-1.4802964925765991,-1.6703131198883057,-2.537158966064453,-1.5188581943511963,-1.6139200925827026,-1.4240269660949707,-1.9070112705230713,-1.007886528968811,-1.6813604831695557,-1.9459381103515625,-2.387326240539551,-0.4849950075149536,-1.1612284183502197,-1.10944664478302,-1.719605565071106,-1.3713616132736206,-1.6670997142791748,-1.3080062866210938,-1.4124761819839478,-1.3394650220870972,-1.254772424697876,-1.6799651384353638,-1.3314931392669678,-0.6149235367774963,-1.3278921842575073,-1.977854609489441
-2.3489694595336914,-1.8647658824920654,-1.4635998010635376,-1.4762312173843384,-1.593923807144165,-1.6108717918395996,-1.7549341917037964,-1.6091030836105347,-1.699163794517517,-1.5118242502212524,-1.8816050291061401,-2.4524917602539062,-1.5830590724945068,-0.621982216835022,-1.2714319229125977,-1.442678689956665,-1.6426950693130493,-1.6619712114334106,-1.5054564476013184,-0.6282294988632202,-2.0887160301208496,-1.624722957611084,-2.0794968605041504,-0.5527857542037964,-2.087566614151001,-2.1127729415893555,-1.510177731513977,-1.5424883365631104,-1.6590588092803955,-1.7034683227539062,-2.018552780151367,-1.9577182531356812,-2.2799367904663086,-2.0716261863708496,-1.5035145282745361,-1.6936471462249756,-1.0595312118530273,-1.928505301475525,-0.9245278239250183,-0.7543946504592896,-1.68696129322052,-1.642978310585022,-2.759136199951172,-1.8677321672439575,-1.5562820434570312,-1.3048473596572876,-2.294201612472534,-1.2282600402832031,-1.7026209831237793,-2.342207193374634,-2.2646327018737793,-0.5561749935150146,-1.1389670372009277,-1.479297399520874,-1.7139142751693726,-1.3634698390960693,-1.6881279945373535,-1.3073856830596924,-1.4364525079727173,-1.3559930324554443,-1.2651115655899048,-1.701259732246399,-1.658147931098938,-0.6361703276634216,-1.6069823503494263,-2.126054286956787
-2.3869283199310303,-1.5976290702819824,-1.3554376363754272,-1.3715943098068237,-1.473986268043518,-1.386090874671936,-1.5486972332000732,-1.551144003868103,-1.613166093826294,-1.537489891052246,-1.7940173149108887,-2.457298755645752,-1.5973626375198364,-0.699516236782074,-0.9935337901115417,-1.472185730934143,-1.7152862548828125,-1.770390510559082,-1.5191912651062012,-0.6292381882667542,-2.111394166946411,-1.4979654550552368,-1.547100305557251,-0.3588012754917145,-2.1746604442596436,-2.1431028842926025,-1.2928261756896973,-1.309171199798584,-1.6710125207901,-1.5775784254074097,-2.0676398277282715,-1.682435393333435,-2.300734281539917,-2.0882911682128906,-1.5112944841384888,-1.510088562965393,-0.9596359133720398,-1.791857361793518,-0.9465662837028503,-0.6231823563575745,-1.627858281135559,-1.6971855163574219,-2.785780429840088,-1.684410810470581,-1.6807082891464233,-1.5200409889221191,-2.1183464527130127,-1.2495571374893188,-1.755427360534668,-2.0415475368499756,-2.367957353591919,-0.5215138792991638,-1.1747159957885742,-1.2974084615707397,-1.724810242652893,-1.3931890726089478,-1.7107089757919312,-1.3262543678283691,-1.4447522163391113,-1.3653435707092285,-1.2770274877548218,-1.7015767097473145,-1.4880151748657227,-0.64764803647995,-1.449307918548584,-2.1499247550964355
-2.1496057510375977,-1.5222140550613403,-1.3910635709762573,-1.4201092720031738,-1.506089210510254,-1.4011768102645874,-1.5348663330078125,-1.681613802909851,-1.6771506071090698,-1.5164377689361572,-1.670212745666504,-2.2207720279693604,-1.3384931087493896,-0.7135130167007446,-1.1059645414352417,-1.1395602226257324,-1.409795880317688,-1.5374306440353394,-1.3181322813034058,-0.4660022258758545,-1.939841628074646,-1.5126615762710571,-1.7598321437835693,-0.49849697947502136,-2.1317222118377686,-1.862131953239441,-1.2681076526641846,-1.2831177711486816,-1.6561447381973267,-1.8911632299423218,-1.710368275642395,-1.6693205833435059,-2.148362874984741,-1.9809315204620361,-1.3756039142608643,-1.6121199131011963,-0.8981136679649353,-1.6980068683624268,-0.9186912178993225,-0.7766196131706238,-1.661698818206787,-1.566476821899414,-2.5283939838409424,-1.5381395816802979,-1.3867931365966797,-1.2337489128112793,-1.9752267599105835,-1.0912474393844604,-1.5580657720565796,-1.9741724729537964,-1.9733506441116333,-0.3649679720401764,-0.9551749229431152,-1.1925408840179443,-1.6773672103881836,-1.2237108945846558,-1.5011638402938843,-1.1504266262054443,-1.2769361734390259,-1.2102298736572266,-1.11869215965271,-1.5547884702682495,-1.4631088972091675,-0.5038872361183167,-1.643291711807251,-2.0901026725769043
-2.4235057830810547,-1.5494658946990967,-1.2482807636260986,-1.2712146043777466,-1.356603980064392,-1.3780498504638672,-1.5550482273101807,-1.3128732442855835,-1.4875422716140747,-1.5418323278427124,-1.659923791885376,-2.52231502532959,-1.2368024587631226,-0.7195855975151062,-1.062214732170105,-1.4576228857040405,-1.1955701112747192,-1.707226276397705,-1.521911382675171,-0.6163938045501709,-2.144050121307373,-1.3100336790084839,-1.3250336647033691,-0.4075799286365509,-1.9969993829727173,-2.227958917617798,-1.1343802213668823,-1.1479345560073853,-1.6712689399719238,-1.5269715785980225,-2.133753776550293,-1.6790475845336914,-2.319049596786499,-2.0763440132141113,-1.5230910778045654,-1.3512532711029053,-0.8808339834213257,-1.5246796607971191,-1.0019060373306274,-0.6574552655220032,-1.4789892435073853,-1.680990219116211,-2.60176157951355,-1.550360918045044,-1.6310511827468872,-1.4339507818222046,-1.950191617012024,-1.0488895177841187,-1.682579517364502,-2.0127594470977783,-2.4131171703338623,-0.5020498633384705,-1.1576255559921265,-1.170817494392395,-1.7306935787200928,-1.4222071170806885,-1.7281625270843506,-1.3501365184783936,-1.4779664278030396,-1.3874146938323975,-1.2966772317886353,-1.7224172353744507,-1.3076759576797485,-0.6409177184104919,-1.2547266483306885,-1.998474359512329
-2.1137521266937256,-1.5131123065948486,-1.3237086534500122,-1.335862159729004,-1.4584895372390747,-1.3547394275665283,-1.4858927726745605,-1.4755504131317139,-1.5804778337478638,-1.5140085220336914,-1.7169972658157349,-2.2121496200561523,-1.3897802829742432,-0.7004920840263367,-1.1651082038879395,-1.3614472150802612,-1.44008469581604,-1.3045796155929565,-1.389331579208374,-0.5288131833076477,-1.9157583713531494,-1.389559268951416,-1.4786056280136108,-0.5052438378334045,-2.000061511993408,-1.6217983961105347,-1.2924927473068237,-1.3099777698516846,-1.682939052581787,-1.612359642982483,-1.4492706060409546,-1.6142494678497314,-2.159104108810425,-2.003998279571533,-1.3976236581802368,-1.4263001680374146,-0.8871827125549316,-1.6638505458831787,-0.834704577922821,-0.6677625775337219,-1.561188817024231,-1.5835918188095093,-2.5064773559570312,-1.608598232269287,-1.2275830507278442,-0.9882069230079651,-1.9716321229934692,-1.1379945278167725,-1.5650439262390137,-1.9032514095306396,-1.7052266597747803,-0.42706099152565,-1.0695856809616089,-1.186894416809082,-1.6867247819900513,-1.2465310096740723,-1.5358340740203857,-1.1866003274917603,-1.2958732843399048,-1.249693751335144,-1.1368268728256226,-1.5892928838729858,-1.453798532485962,-0.542557954788208,-1.3719396591186523,-2.0058000087738037
-2.23152494430542,-1.65474534034729,-1.4865267276763916,-1.4987854957580566,-1.636238694190979,-1.4505800008773804,-1.6065199375152588,-2.028672695159912,-1.830857276916504,-1.524635910987854,-1.7754780054092407,-2.2001352310180664,-1.4339759349822998,-0.7337342500686646,-1.216867446899414,-1.1359103918075562,-1.6177529096603394,-1.6225358247756958,-1.26543390750885,-0.4882883131504059,-1.9697223901748657,-1.8412035703659058,-2.178441286087036,-0.5293518304824829,-2.2868785858154297,-1.8522676229476929,-1.4699606895446777,-1.4723302125930786,-1.6579912900924683,-2.2479519844055176,-1.7570067644119263,-1.7607423067092896,-2.1593613624572754,-1.9826828241348267,-1.3788255453109741,-1.931910753250122,-0.9360291361808777,-1.9334416389465332,-0.9807095527648926,-0.8307394981384277,-1.799118995666504,-1.5593820810317993,-2.618025064468384,-1.6653732061386108,-1.4673149585723877,-1.3481695652008057,-2.0760841369628906,-1.1800531148910522,-1.679865837097168,-2.070019006729126,-2.001997947692871,-0.38412126898765564,-0.9558888673782349,-1.2605385780334473,-1.6866616010665894,-1.2453827857971191,-1.5268689393997192,-1.1750805377960205,-1.2924211025238037,-1.235526442527771,-1.1546915769577026,-1.582446575164795,-1.7145817279815674,-0.5026923418045044,-1.9974650144577026,-2.200888156890869
-2.320845365524292,-1.7183613777160645,-1.440253496170044,-1.4609792232513428,-1.5696122646331787,-1.5508313179016113,-1.7116035223007202,-2.019779920578003,-1.746231198310852,-1.5343059301376343,-1.941257357597351,-2.3473265171051025,-1.4490060806274414,-0.7203559279441833,-1.2577215433120728,-1.4163804054260254,-1.8127976655960083,-1.700971007347107,-1.414359211921692,-0.4357295036315918,-2.171253204345703,-1.861609697341919,-2.2233433723449707,-0.5364066958427429,-2.261403799057007,-2.2291624546051025,-1.563279390335083,-1.5877126455307007,-1.6620738506317139,-2.1291794776916504,-2.265233039855957,-1.936298131942749,-2.25393009185791,-2.025437116622925,-1.4095982313156128,-1.9100000858306885,-1.022527813911438,-2.088216543197632,-0.9902353882789612,-0.8125160336494446,-1.86787748336792,-1.6531360149383545,-2.6249804496765137,-1.7725552320480347,-1.6417195796966553,-1.4946006536483765,-2.2163076400756836,-1.1543288230895996,-1.6726746559143066,-2.279024124145508,-2.5711793899536133,-0.32766225934028625,-1.1127855777740479,-1.511607050895691,-1.7254058122634888,-1.307473063468933,-1.572583556175232,-1.2294726371765137,-1.3444567918777466,-1.2732013463974,-1.1777483224868774,-1.5999455451965332,-1.7786905765533447,-0.5210235118865967,-2.2910594940185547,-2.2690446376800537
-2.104865312576294,-1.5496331453323364,-1.3874627351760864,-1.402172327041626,-1.5307691097259521,-1.3328408002853394,-1.4610052108764648,-1.5717839002609253,-1.7139979600906372,-1.517197847366333,-1.6402709484100342,-2.0563673973083496,-1.3242597579956055,-0.7249004244804382,-1.1159288883209229,-1.3292661905288696,-1.3195973634719849,-1.5050569772720337,-1.3579941987991333,-0.4745078980922699,-1.5371613502502441,-1.4781036376953125,-1.612654447555542,-0.502313494682312,-2.052417755126953,-1.7843027114868164,-1.1979832649230957,-1.2094742059707642,-1.6512212753295898,-1.9115939140319824,-1.7027252912521362,-1.5185565948486328,-2.102766990661621,-1.9647530317306519,-1.359829306602478,-1.4922351837158203,-0.8617292642593384,-1.57275390625,-0.9136514663696289,-0.7817282676696777,-1.5206271409988403,-1.573790431022644,-2.425837516784668,-1.5103007555007935,-1.2840512990951538,-1.116018295288086,-1.7302159070968628,-1.1000773906707764,-1.5589008331298828,-1.8270277976989746,-1.3651397228240967,-0.37025386095046997,-1.0525083541870117,-1.0520576238632202,-1.6731165647506714,-1.2354694604873657,-1.541472315788269,-1.1892706155776978,-1.3057153224945068,-1.2441071271896362,-1.1475352048873901,-1.5886038541793823,-1.3505711555480957,-0.4998891353607178,-1.5467733144760132,-2.0222318172454834
-2.393805742263794,-1.6763269901275635,-1.3444743156433105,-1.3535187244415283,-1.4518224000930786,-1.4471452236175537,-1.6185884475708008,-1.455915927886963,-1.573135256767273,-1.5360878705978394,-1.6951464414596558,-2.3886148929595947,-1.4579955339431763,-0.6971546411514282,-1.1518456935882568,-1.4698313474655151,-1.3933120965957642,-1.7289537191390991,-1.5371677875518799,-0.6310027837753296,-2.087790012359619,-1.6339952945709229,-1.627316951751709,-0.45474204421043396,-2.0234367847442627,-2.2055892944335938,-1.2128221988677979,-1.2260313034057617,-1.6621856689453125,-1.603614091873169,-2.1857404708862305,-1.751471757888794,-2.312617778778076,-2.086604356765747,-1.5326980352401733,-1.5596011877059937,-0.9393738508224487,-1.6422145366668701,-1.0276840925216675,-0.6783918738365173,-1.5673158168792725,-1.688988208770752,-2.6175174713134766,-1.5762633085250854,-1.639918565750122,-1.3980076313018799,-1.9054328203201294,-1.1061750650405884,-1.7064661979675293,-1.9869613647460938,-2.2792463302612305,-0.5534865260124207,-1.177777647972107,-1.2064229249954224,-1.7269731760025024,-1.410364031791687,-1.7282640933990479,-1.339600920677185,-1.465470790863037,-1.3851022720336914,-1.2991570234298706,-1.726812720298767,-1.5062592029571533,-0.6681872010231018,-1.4786498546600342,-2.025158166885376
-2.4621996879577637,-1.6516404151916504,-1.262807846069336,-1.2776747941970825,-1.3766894340515137,-1.481986403465271,-1.6620501279830933,-1.3845447301864624,-1.4725441932678223,-1.5353584289550781,-1.658371925354004,-2.513516902923584,-1.4735665321350098,-0.7076378464698792,-1.1759686470031738,-1.4971505403518677,-1.3376877307891846,-1.82427179813385,-1.5654276609420776,-0.6683132648468018,-2.1777117252349854,-1.425144076347351,-1.503017783164978,-0.4582619369029999,-1.9991329908370972,-2.5903122425079346,-1.1465810537338257,-1.1584463119506836,-1.668110966682434,-1.5828382968902588,-2.4954943656921387,-1.7973614931106567,-2.3951196670532227,-2.104393243789673,-1.5854977369308472,-1.469081163406372,-0.9962963461875916,-1.5363414287567139,-1.0761994123458862,-0.6973770260810852,-1.4901530742645264,-1.6954319477081299,-2.654797315597534,-1.602486252784729,-1.777409553527832,-1.535031795501709,-1.9904608726501465,-1.1185710430145264,-1.6998822689056396,-2.0745623111724854,-2.6586766242980957,-0.6164028644561768,-1.1911404132843018,-1.12615168094635,-1.7601443529129028,-1.4875719547271729,-1.8092191219329834,-1.4045076370239258,-1.5299640893936157,-1.4434185028076172,-1.356189250946045,-1.7791759967803955,-1.372137427330017,-0.6966390013694763,-1.4087469577789307,-2.019120931625366
-2.630964517593384,-1.766164779663086,-1.5048466920852661,-1.516751766204834,-1.6407146453857422,-1.4710521697998047,-1.6719651222229004,-1.6084808111190796,-1.7005456686019897,-1.548595666885376,-1.87998366355896,-2.6902661323547363,-1.6403669118881226,-0.7144249081611633,-1.1628246307373047,-1.600404977798462,-1.614526629447937,-1.7974295616149902,-1.6237682104110718,-0.7511759400367737,-2.3078746795654297,-1.560999870300293,-1.618169903755188,-0.3830229938030243,-2.1506705284118652,-2.528153419494629,-1.3698420524597168,-1.3860541582107544,-1.6603175401687622,-1.6848105192184448,-2.4359512329101562,-1.899836778640747,-2.3933606147766113,-2.1011300086975098,-1.5976444482803345,-1.5793166160583496,-1.0489076375961304,-1.89536714553833,-0.9608831405639648,-0.6903977990150452,-1.7048389911651611,-1.757938027381897,-2.869036912918091,-1.8084250688552856,-1.7922946214675903,-1.5543122291564941,-2.2752773761749268,-1.2653464078903198,-1.917284369468689,-2.165710687637329,-2.6544349193573,-0.6798915266990662,-1.2760143280029297,-1.231711983680725,-1.743160367012024,-1.535483717918396,-1.8570144176483154,-1.4563062191009521,-1.5744497776031494,-1.4892022609710693,-1.4018311500549316,-1.8331602811813354,-1.4608906507492065,-0.7554618120193481,-1.4826700687408447,-2.206990957260132
-2.309828758239746,-1.5684611797332764,-1.251821756362915,-1.2618041038513184,-1.3715717792510986,-1.3434867858886719,-1.4893758296966553,-1.2352689504623413,-1.439162254333496,-1.5272196531295776,-1.5814505815505981,-2.3156003952026367,-1.2881155014038086,-0.6954567432403564,-1.1318273544311523,-1.4367117881774902,-1.1901445388793945,-1.6566742658615112,-1.4816699028015137,-0.582133412361145,-1.9954802989959717,-1.338969349861145,-1.3440629243850708,-0.4642229974269867,-1.926475167274475,-2.0195858478546143,-1.147312045097351,-1.1599968671798706,-1.6692719459533691,-1.478454828262329,-1.8563945293426514,-1.5882725715637207,-2.2789788246154785,-2.0633654594421387,-1.4455053806304932,-1.3184843063354492,-0.8351624011993408,-1.495028018951416,-0.9820258021354675,-0.6457435488700867,-1.4357584714889526,-1.643122911453247,-2.394401788711548,-1.515490174293518,-1.4965845346450806,-1.2915401458740234,-1.8344842195510864,-1.0356310606002808,-1.6319265365600586,-1.912649154663086,-1.9556970596313477,-0.5003591775894165,-1.1373684406280518,-1.0809516906738281,-1.7423005104064941,-1.3185265064239502,-1.6261612176895142,-1.2616525888442993,-1.3773425817489624,-1.3153960704803467,-1.2185959815979004,-1.6501119136810303,-1.304495096206665,-0.615872859954834,-1.2813646793365479,-1.9157522916793823
-2.24946928024292,-1.5241292715072632,-1.4461634159088135,-1.4743291139602661,-1.5798628330230713,-1.390831470489502,-1.5227874517440796,-1.5521119832992554,-1.7713590860366821,-1.524484395980835,-1.7268762588500977,-2.272700309753418,-1.4791221618652344,-0.7365294098854065,-1.1625384092330933,-1.3750983476638794,-1.4864777326583862,-1.5334527492523193,-1.4279088973999023,-0.5322003960609436,-1.9617632627487183,-1.412606120109558,-1.5392417907714844,-0.47823214530944824,-2.0877623558044434,-1.6363621950149536,-1.2785741090774536,-1.2911988496780396,-1.6579523086547852,-2.0735535621643066,-1.740667462348938,-1.5892341136932373,-2.1703333854675293,-2.0174756050109863,-1.4540393352508545,-1.4716918468475342,-0.9175899624824524,-1.6586394309997559,-0.9881840944290161,-0.7253895998001099,-1.5802398920059204,-1.6238713264465332,-2.5840375423431396,-1.5620695352554321,-1.468173623085022,-1.2075952291488647,-1.9581760168075562,-1.1522278785705566,-1.5674185752868652,-1.9550087451934814,-1.9130350351333618,-0.4383560121059418,-1.0865529775619507,-1.202297329902649,-1.7089290618896484,-1.3077661991119385,-1.6133992671966553,-1.2284599542617798,-1.3539917469024658,-1.292381763458252,-1.1906664371490479,-1.6279844045639038,-1.3305572271347046,-0.5310297608375549,-1.2900002002716064,-2.0553958415985107
-2.425640106201172,-1.6196134090423584,-1.242194414138794,-1.2603144645690918,-1.3478645086288452,-1.3952833414077759,-1.5573351383209229,-1.6220225095748901,-1.4913774728775024,-1.5410655736923218,-1.7286081314086914,-2.4221205711364746,-1.6450608968734741,-0.7005649209022522,-1.1275169849395752,-1.4667532444000244,-1.638315200805664,-1.796088457107544,-1.539059042930603,-0.6485402584075928,-2.1114442348480225,-1.6551152467727661,-1.5120956897735596,-0.4345153272151947,-2.0859854221343994,-2.230844020843506,-1.2694714069366455,-1.2927625179290771,-1.6648504734039307,-1.6574106216430664,-2.199232339859009,-1.656637191772461,-2.3202362060546875,-2.0811612606048584,-1.5149891376495361,-1.632023811340332,-0.977201521396637,-1.6515988111495972,-1.039324164390564,-0.6572756171226501,-1.5595908164978027,-1.6855729818344116,-2.711620569229126,-1.6600080728530884,-1.693088412284851,-1.5057847499847412,-2.073232412338257,-1.23906672000885,-1.7189388275146484,-2.012910842895508,-2.2830049991607666,-0.5643866658210754,-1.1809868812561035,-1.1840476989746094,-1.7426903247833252,-1.4028767347335815,-1.7176244258880615,-1.3449379205703735,-1.463067650794983,-1.3864763975143433,-1.2945269346237183,-1.7184728384017944,-1.6245049238204956,-0.67171710729599,-1.5871856212615967,-2.099752187728882
-2.387219190597534,-1.6045390367507935,-1.2360790967941284,-1.2532281875610352,-1.3435554504394531,-1.379753828048706,-1.5377663373947144,-1.538460612297058,-1.4609558582305908,-1.5381687879562378,-1.6988003253936768,-2.402451753616333,-1.5927131175994873,-0.7042583227157593,-1.1149756908416748,-1.4496902227401733,-1.604646921157837,-1.7463797330856323,-1.5223075151443481,-0.629258930683136,-2.076338052749634,-1.5925118923187256,-1.4608033895492554,-0.4324270784854889,-2.07709002494812,-2.154247283935547,-1.2630572319030762,-1.2859219312667847,-1.6618602275848389,-1.5956710577011108,-2.082308530807495,-1.6449666023254395,-2.3146464824676514,-2.0710959434509277,-1.494907259941101,-1.5596462488174438,-0.9622246623039246,-1.653335690498352,-1.0263792276382446,-0.6558820009231567,-1.5512571334838867,-1.6756305694580078,-2.6795454025268555,-1.6085619926452637,-1.6527376174926758,-1.4657360315322876,-2.0275144577026367,-1.219724178314209,-1.688143014907837,-2.01656174659729,-2.198848247528076,-0.5430477261543274,-1.1615221500396729,-1.1624294519424438,-1.7354238033294678,-1.3872963190078735,-1.6956241130828857,-1.3236297369003296,-1.440545678138733,-1.3720746040344238,-1.273423433303833,-1.6993886232376099,-1.5787667036056519,-0.6429323554039001,-1.5205302238464355,-2.085062265396118
-2.3817520141601562,-2.0099267959594727,-1.6059907674789429,-1.5974252223968506,-1.7594374418258667,-1.6419610977172852,-1.7808791399002075,-2.045323371887207,-1.936174988746643,-1.5486654043197632,-2.131981134414673,-2.413844108581543,-1.5753157138824463,-0.7245885133743286,-1.3436100482940674,-1.435511827468872,-1.8280640840530396,-1.7883223295211792,-1.4755839109420776,-0.5737699270248413,-1.995155930519104,-2.069899082183838,-2.2317123413085938,-0.6139178276062012,-2.34611177444458,-2.183392286300659,-1.7023876905441284,-1.7153126001358032,-1.679581642150879,-2.196510076522827,-1.9867961406707764,-1.9887824058532715,-2.2569591999053955,-2.0348241329193115,-1.443532943725586,-2.0514068603515625,-1.0330779552459717,-2.174489736557007,-1.0261565446853638,-0.8712418675422668,-2.0179314613342285,-1.6222774982452393,-2.792813777923584,-1.9192826747894287,-1.706810474395752,-1.6012065410614014,-2.374197244644165,-1.2623234987258911,-1.8946292400360107,-2.3957765102386475,-2.271719455718994,-0.4811151325702667,-1.133819341659546,-1.6414738893508911,-1.732750654220581,-1.3164931535720825,-1.6214889287948608,-1.266068935394287,-1.3716082572937012,-1.3123339414596558,-1.221030592918396,-1.654682993888855,-1.93159019947052,-0.620836079120636,-2.0812606811523438,-2.3309967517852783
-2.312708854675293,-1.6763060092926025,-1.3545197248458862,-1.359642505645752,-1.4637688398361206,-1.4561071395874023,-1.595037579536438,-1.4638549089431763,-1.5534226894378662,-1.5287489891052246,-1.6885390281677246,-2.4092955589294434,-1.4578287601470947,-0.6932283639907837,-1.22501802444458,-1.460307002067566,-1.464712142944336,-1.7347832918167114,-1.5027376413345337,-0.6487964987754822,-2.069915294647217,-1.4206150770187378,-1.4719165563583374,-0.5112175941467285,-1.969658374786377,-2.208031415939331,-1.2819054126739502,-1.291017770767212,-1.70415461063385,-1.5567023754119873,-1.9716581106185913,-1.7146029472351074,-2.2889015674591064,-2.088444709777832,-1.5153781175613403,-1.4915063381195068,-0.9310793280601501,-1.6055697202682495,-1.0075089931488037,-0.7056782841682434,-1.524011492729187,-1.6532434225082397,-2.5121607780456543,-1.6584444046020508,-1.6113331317901611,-1.449002981185913,-1.9351433515548706,-1.1470314264297485,-1.7634508609771729,-2.099012851715088,-2.098278045654297,-0.5801694989204407,-1.1566144227981567,-1.2216275930404663,-1.7389893531799316,-1.3982292413711548,-1.7178133726119995,-1.3395036458969116,-1.4586399793624878,-1.3858253955841064,-1.2934051752090454,-1.7182338237762451,-1.4628831148147583,-0.657703161239624,-1.4509104490280151,-1.9540534019470215
-2.2161083221435547,-1.5243339538574219,-1.4919880628585815,-1.5184684991836548,-1.6108744144439697,-1.3373377323150635,-1.4528220891952515,-1.6862142086029053,-1.7901129722595215,-1.5238394737243652,-1.7268013954162598,-2.1748175621032715,-1.4336305856704712,-0.7322266697883606,-1.1955842971801758,-1.323948621749878,-1.4025474786758423,-1.5505962371826172,-1.368310570716858,-0.501727283000946,-1.8914246559143066,-1.6328455209732056,-1.7686854600906372,-0.4930998384952545,-2.0878047943115234,-1.693572759628296,-1.3751521110534668,-1.373225450515747,-1.6611253023147583,-2.051593065261841,-1.3991259336471558,-1.5678911209106445,-2.1520705223083496,-1.984664797782898,-1.3785388469696045,-1.746738076210022,-0.900037944316864,-1.7203047275543213,-0.982684314250946,-0.7438883185386658,-1.7044068574905396,-1.6105295419692993,-2.5001981258392334,-1.5776015520095825,-1.3533682823181152,-1.2271305322647095,-1.8518457412719727,-1.1639713048934937,-1.649843454360962,-1.9903141260147095,-1.5916390419006348,-0.37132495641708374,-1.0609678030014038,-1.1440517902374268,-1.7156434059143066,-1.2611879110336304,-1.560481309890747,-1.1930676698684692,-1.3197132349014282,-1.2594443559646606,-1.1534137725830078,-1.5989288091659546,-1.4506946802139282,-0.4840553104877472,-1.535791277885437,-2.0562901496887207
-2.2683260440826416,-1.4372435808181763,-1.323911190032959,-1.3442713022232056,-1.4401490688323975,-1.2438812255859375,-1.3677490949630737,-1.3953402042388916,-1.5691778659820557,-1.5327579975128174,-1.6599329710006714,-2.2947115898132324,-1.4601012468338013,-0.7115024924278259,-1.0120370388031006,-1.391088604927063,-1.4530203342437744,-1.5657217502593994,-1.4351584911346436,-0.5465788245201111,-2.0040276050567627,-1.3133724927902222,-1.3307929039001465,-0.36181512475013733,-2.0273547172546387,-1.9135894775390625,-1.1555718183517456,-1.173043966293335,-1.6674437522888184,-1.4676098823547363,-1.769071102142334,-1.412919044494629,-2.213322401046753,-2.0193779468536377,-1.4361709356307983,-1.3288111686706543,-0.9008167386054993,-1.577025294303894,-0.9315621852874756,-0.6146570444107056,-1.5460175275802612,-1.6405478715896606,-2.568427324295044,-1.5414139032363892,-1.4012203216552734,-1.2370069026947021,-1.8814693689346313,-1.1465755701065063,-1.656008005142212,-1.8704571723937988,-1.8943537473678589,-0.43725699186325073,-1.1039373874664307,-1.1164430379867554,-1.7077134847640991,-1.3217809200286865,-1.6172786951065063,-1.2507485151290894,-1.3760195970535278,-1.307275652885437,-1.2047964334487915,-1.6430376768112183,-1.351485252380371,-0.5518937706947327,-1.3119275569915771,-2.010056734085083
-2.1584579944610596,-1.4902886152267456,-1.314672589302063,-1.3265506029129028,-1.452639102935791,-1.3600987195968628,-1.4953927993774414,-1.4192122220993042,-1.5719420909881592,-1.5152469873428345,-1.6792628765106201,-2.279460906982422,-1.3610178232192993,-0.7081789970397949,-1.1047600507736206,-1.3645178079605103,-1.308730125427246,-1.4611691236495972,-1.4255378246307373,-0.5179891586303711,-1.8884719610214233,-1.39507257938385,-1.5534415245056152,-0.49788403511047363,-2.033886194229126,-1.842207908630371,-1.2211620807647705,-1.2341724634170532,-1.6682872772216797,-1.7210274934768677,-1.6758975982666016,-1.6416237354278564,-1.9758837223052979,-1.9848922491073608,-1.39712655544281,-1.4232978820800781,-0.895023763179779,-1.5283132791519165,-0.8621824979782104,-0.6991850733757019,-1.51906156539917,-1.593173861503601,-2.4859726428985596,-1.5753076076507568,-1.3040281534194946,-1.149145245552063,-1.866127371788025,-1.1025837659835815,-1.5543456077575684,-1.868531346321106,-1.9029752016067505,-0.4185006022453308,-1.071045160293579,-1.141034722328186,-1.6612794399261475,-1.2438842058181763,-1.5425724983215332,-1.1861575841903687,-1.300694227218628,-1.2397288084030151,-1.1484606266021729,-1.5905109643936157,-1.2985739707946777,-0.5509759187698364,-1.394577145576477,-2.0260775089263916
-2.0916402339935303,-1.4888924360275269,-1.365933895111084,-1.3694931268692017,-1.505064845085144,-1.3782474994659424,-1.4943643808364868,-1.4133312702178955,-1.6084362268447876,-1.5073938369750977,-1.620818018913269,-2.214801073074341,-1.3469840288162231,-0.7013814449310303,-1.1231789588928223,-1.349281668663025,-1.2839934825897217,-1.4482423067092896,-1.407380223274231,-0.48636454343795776,-1.8591316938400269,-1.3474645614624023,-1.5030043125152588,-0.5059281587600708,-1.968184232711792,-1.7936420440673828,-1.2447774410247803,-1.2558056116104126,-1.6796320676803589,-1.718727946281433,-1.563310146331787,-1.651064395904541,-2.1423323154449463,-1.8997160196304321,-1.3708206415176392,-1.3911274671554565,-0.874476969242096,-1.5296295881271362,-0.883115828037262,-0.7340037226676941,-1.5293797254562378,-1.5715315341949463,-2.407883644104004,-1.5751043558120728,-1.2937877178192139,-1.0751681327819824,-1.7873960733413696,-1.0947386026382446,-1.5610473155975342,-1.9073154926300049,-1.5642080307006836,-0.40202105045318604,-1.063772201538086,-1.1520535945892334,-1.6560263633728027,-1.2221742868423462,-1.5162675380706787,-1.1631823778152466,-1.2833843231201172,-1.2264090776443481,-1.117311716079712,-1.570542573928833,-1.262542963027954,-0.5257236361503601,-1.3848406076431274,-1.9723968505859375
-2.245244264602661,-1.6581801176071167,-1.3997639417648315,-1.4154891967773438,-1.5275633335113525,-1.4838593006134033,-1.639078974723816,-1.9568512439727783,-1.6947474479675293,-1.5304198265075684,-1.9464538097381592,-2.2393975257873535,-1.429863691329956,-0.7296187877655029,-1.1968122720718384,-1.382412314414978,-1.5875524282455444,-1.6817901134490967,-1.4052362442016602,-0.4947972595691681,-2.061685800552368,-1.8522192239761353,-2.2194664478302,-0.5256043672561646,-2.246464252471924,-1.9332884550094604,-1.5271937847137451,-1.5370829105377197,-1.6583808660507202,-2.134012222290039,-1.8991798162460327,-1.8369793891906738,-2.187216281890869,-1.9946110248565674,-1.3210731744766235,-1.9607514142990112,-0.9620944261550903,-1.952793002128601,-1.0065288543701172,-0.7828095555305481,-1.775108814239502,-1.61652410030365,-2.5503458976745605,-1.7355409860610962,-1.5751296281814575,-1.4706403017044067,-2.071779251098633,-1.1653540134429932,-1.6397511959075928,-2.1954519748687744,-2.290055751800537,-0.374881386756897,-1.0835803747177124,-1.4963140487670898,-1.7251863479614258,-1.2361873388290405,-1.5183329582214355,-1.1749571561813354,-1.285940408706665,-1.236143946647644,-1.1212693452835083,-1.5726845264434814,-1.7485765218734741,-0.5216708779335022,-2.1243019104003906,-2.1978602409362793
-2.5306265354156494,-1.7794309854507446,-1.3503919839859009,-1.3674226999282837,-1.4668549299240112,-1.5155662298202515,-1.703974723815918,-1.5277982950210571,-1.5964709520339966,-1.5419279336929321,-1.7423889636993408,-2.4970896244049072,-1.467535138130188,-0.7017139196395874,-1.194643259048462,-1.520262598991394,-1.4019628763198853,-1.79900062084198,-1.5864163637161255,-0.6949302554130554,-2.243893623352051,-1.5967838764190674,-1.5827921628952026,-0.4731656312942505,-2.021066904067993,-2.3779044151306152,-1.22830331325531,-1.2426047325134277,-1.6694587469100952,-1.6476422548294067,-2.4288125038146973,-1.8762707710266113,-2.3537230491638184,-2.1065328121185303,-1.6101124286651611,-1.6605719327926636,-0.9667317867279053,-1.6723428964614868,-1.0507162809371948,-0.7058737277984619,-1.602628469467163,-1.7108477354049683,-2.7176244258880615,-1.6620237827301025,-1.7465680837631226,-1.5396852493286133,-2.00290584564209,-1.1236510276794434,-1.7947466373443604,-2.100944757461548,-2.6133980751037598,-0.6466307640075684,-1.2162975072860718,-1.210768461227417,-1.7600666284561157,-1.5121852159500122,-1.835855484008789,-1.442757487297058,-1.5596766471862793,-1.4739291667938232,-1.3787782192230225,-1.8158141374588013,-1.5320662260055542,-0.7291825413703918,-1.5319204330444336,-2.0520033836364746
-2.435697555541992,-1.600969910621643,-1.2823562622070312,-1.3034878969192505,-1.4045629501342773,-1.3239625692367554,-1.478886365890503,-1.3590407371520996,-1.5292764902114868,-1.541652798652649,-1.6277830600738525,-2.4024300575256348,-1.1772934198379517,-0.7169596552848816,-1.05765700340271,-1.45427668094635,-1.229853868484497,-1.6894481182098389,-1.4727017879486084,-0.6040323972702026,-2.107133388519287,-1.3580660820007324,-1.3752689361572266,-0.3700253963470459,-1.9601846933364868,-2.1890954971313477,-1.1356106996536255,-1.149741768836975,-1.6659740209579468,-1.4679158926010132,-2.034928798675537,-1.6138145923614502,-2.287163734436035,-2.0409939289093018,-1.4862489700317383,-1.3626285791397095,-0.8009687662124634,-1.5564268827438354,-0.9653497338294983,-0.6247462630271912,-1.4980779886245728,-1.6817551851272583,-2.5066990852355957,-1.5564953088760376,-1.5764086246490479,-1.3631309270858765,-1.8587111234664917,-1.009066104888916,-1.7317456007003784,-1.973961591720581,-2.199277639389038,-0.49393975734710693,-1.158087968826294,-1.0596692562103271,-1.7190051078796387,-1.381691813468933,-1.6835222244262695,-1.311195969581604,-1.4297864437103271,-1.3490104675292969,-1.2578541040420532,-1.6940832138061523,-1.3341649770736694,-0.615209698677063,-1.3536505699157715,-1.9437458515167236
-2.2966270446777344,-1.5449517965316772,-1.2361950874328613,-1.2534558773040771,-1.3505195379257202,-1.349468469619751,-1.487481951713562,-1.3263976573944092,-1.4597277641296387,-1.5272561311721802,-1.5792200565338135,-2.342575788497925,-1.3469140529632568,-0.7068475484848022,-1.1018110513687134,-1.416429877281189,-1.3092724084854126,-1.6765276193618774,-1.4660334587097168,-0.571489691734314,-2.0324976444244385,-1.3398252725601196,-1.3807551860809326,-0.4268878698348999,-1.9625803232192993,-1.9575124979019165,-1.1301132440567017,-1.144648790359497,-1.65822172164917,-1.4403294324874878,-1.9237687587738037,-1.626795768737793,-2.2516236305236816,-2.042813301086426,-1.4388413429260254,-1.3730109930038452,-0.8755604028701782,-1.6295251846313477,-1.009041428565979,-0.6672897934913635,-1.4968878030776978,-1.6489232778549194,-2.4581851959228516,-1.5005501508712769,-1.5299524068832397,-1.3828259706497192,-1.8413399457931519,-1.0720187425613403,-1.6535192728042603,-1.9591912031173706,-2.0917208194732666,-0.48542556166648865,-1.1316885948181152,-1.0768684148788452,-1.7195087671279907,-1.33726167678833,-1.6401866674423218,-1.2748335599899292,-1.3930249214172363,-1.3241451978683472,-1.2331668138504028,-1.6584877967834473,-1.3591150045394897,-0.5871095657348633,-1.3386472463607788,-1.9437873363494873
-2.191028356552124,-1.664513349533081,-1.459897756576538,-1.4557191133499146,-1.6011996269226074,-1.4364279508590698,-1.5728092193603516,-1.7746227979660034,-1.7425180673599243,-1.536545991897583,-1.894381046295166,-2.267569065093994,-1.4530984163284302,-0.703823447227478,-1.1860600709915161,-1.4086084365844727,-1.6117982864379883,-1.5261045694351196,-1.441995620727539,-0.5326417088508606,-1.942016839981079,-1.7115576267242432,-1.8252447843551636,-0.5107898116111755,-2.1297590732574463,-1.9342817068099976,-1.457526445388794,-1.4851850271224976,-1.6799006462097168,-1.8680176734924316,-1.6650030612945557,-1.7341489791870117,-2.183462619781494,-1.9913982152938843,-1.412962794303894,-1.7217150926589966,-0.9185382723808289,-1.8957287073135376,-0.7695980668067932,-0.7405179142951965,-1.7982606887817383,-1.5908533334732056,-2.5769643783569336,-1.7267179489135742,-1.345676302909851,-1.22314453125,-2.0991430282592773,-1.1709637641906738,-1.7135393619537354,-2.1049728393554688,-1.9108622074127197,-0.4230491518974304,-1.1170625686645508,-1.3924322128295898,-1.679674744606018,-1.2564536333084106,-1.5455631017684937,-1.195743203163147,-1.3110160827636719,-1.245091199874878,-1.1526871919631958,-1.5878645181655884,-1.632148265838623,-0.5760635733604431,-1.7194910049438477,-2.149223804473877
-2.562633752822876,-1.9157177209854126,-1.5562574863433838,-1.5592130422592163,-1.6846858263015747,-1.6315345764160156,-1.80341637134552,-1.6144731044769287,-1.7947189807891846,-1.5357468128204346,-1.8657959699630737,-2.6584389209747314,-1.6466840505599976,-0.7010524868965149,-1.342284083366394,-1.5838526487350464,-1.6187297105789185,-1.7761480808258057,-1.6072351932525635,-0.7273290753364563,-2.289254665374756,-1.5864914655685425,-1.590781807899475,-0.4989341199398041,-2.085237503051758,-2.444119930267334,-1.477674961090088,-1.495849847793579,-1.655165195465088,-1.6575785875320435,-2.2075307369232178,-2.0811045169830322,-2.3382132053375244,-2.0890021324157715,-1.578482985496521,-1.6126841306686401,-1.0469239950180054,-1.827834129333496,-0.9301667809486389,-0.652052104473114,-1.7011040449142456,-1.7124942541122437,-2.739520311355591,-1.9057222604751587,-1.7441927194595337,-1.5256344079971313,-2.1660284996032715,-1.2928566932678223,-1.9651483297348022,-2.25234317779541,-2.602179765701294,-0.6646081805229187,-1.2408267259597778,-1.2921677827835083,-1.753300428390503,-1.4856349229812622,-1.8248933553695679,-1.4329298734664917,-1.548448920249939,-1.470794677734375,-1.3720353841781616,-1.8161498308181763,-1.595893144607544,-0.7389764785766602,-1.5848973989486694,-2.135826349258423
-2.345736026763916,-1.5942655801773071,-1.2487378120422363,-1.2594484090805054,-1.3569402694702148,-1.3812934160232544,-1.5291602611541748,-1.3870649337768555,-1.4931937456130981,-1.5389211177825928,-1.633931279182434,-2.41664981842041,-1.3441760540008545,-0.6945120692253113,-1.1272966861724854,-1.4509369134902954,-1.335808277130127,-1.7137691974639893,-1.4914354085922241,-0.6412544846534729,-2.0755393505096436,-1.414061427116394,-1.4589332342147827,-0.44169309735298157,-1.9625451564788818,-2.101058006286621,-1.187379002571106,-1.2062907218933105,-1.6621707677841187,-1.5013116598129272,-2.0197854042053223,-1.665772557258606,-2.295941114425659,-2.0695059299468994,-1.4785183668136597,-1.456125020980835,-0.8955233693122864,-1.6399152278900146,-1.0104825496673584,-0.6555063724517822,-1.5820280313491821,-1.6620299816131592,-2.4919843673706055,-1.5720136165618896,-1.6277722120285034,-1.4511135816574097,-1.8695682287216187,-1.0648167133331299,-1.6981992721557617,-1.9568507671356201,-2.187426805496216,-0.5297567844390869,-1.1533921957015991,-1.139268398284912,-1.7392972707748413,-1.3616842031478882,-1.6797128915786743,-1.3087581396102905,-1.4340753555297852,-1.3598823547363281,-1.261545181274414,-1.694277286529541,-1.4287230968475342,-0.6430183053016663,-1.4254040718078613,-1.9535542726516724
-2.199362277984619,-1.6245192289352417,-1.449273943901062,-1.454946756362915,-1.5990335941314697,-1.46664559841156,-1.5938012599945068,-1.7072497606277466,-1.7599570751190186,-1.504827618598938,-1.7815693616867065,-2.1960766315460205,-1.4442378282546997,-0.7075443267822266,-1.191992998123169,-1.31716787815094,-1.593231439590454,-1.5138143301010132,-1.3849072456359863,-0.4894375801086426,-1.9125947952270508,-1.5844385623931885,-1.8279874324798584,-0.5362418293952942,-2.1225640773773193,-1.9318735599517822,-1.3583866357803345,-1.3749768733978271,-1.6776618957519531,-1.9546127319335938,-1.729629397392273,-1.7643884420394897,-2.1695516109466553,-1.995636224746704,-1.399266004562378,-1.587545394897461,-0.9425269961357117,-1.8228286504745483,-0.8884487748146057,-0.783854603767395,-1.6818232536315918,-1.4844566583633423,-2.5479888916015625,-1.6442464590072632,-1.3648320436477661,-1.161022663116455,-2.0427803993225098,-1.1333413124084473,-1.634576439857483,-2.1593680381774902,-1.885148286819458,-0.39558643102645874,-1.0362831354141235,-1.2548149824142456,-1.673667550086975,-1.2281829118728638,-1.5275311470031738,-1.1646788120269775,-1.29677152633667,-1.227537989616394,-1.1361206769943237,-1.5689711570739746,-1.5212695598602295,-0.535896897315979,-1.683894157409668,-2.1117281913757324
-2.279202938079834,-1.5034271478652954,-1.1912236213684082,-1.2111040353775024,-1.3091448545455933,-1.2962658405303955,-1.430721640586853,-1.2016313076019287,-1.3916207551956177,-1.527564525604248,-1.53607177734375,-2.2587010860443115,-1.239500641822815,-0.7192822098731995,-1.0468961000442505,-1.3936156034469604,-1.195884346961975,-1.6154735088348389,-1.4223686456680298,-0.5285735726356506,-1.9163817167282104,-1.2631642818450928,-1.2883703708648682,-0.42262670397758484,-1.9345670938491821,-1.8853654861450195,-1.0515642166137695,-1.0614256858825684,-1.6583929061889648,-1.4725440740585327,-1.8412281274795532,-1.5259650945663452,-2.2699124813079834,-2.036548376083374,-1.4244575500488281,-1.229779601097107,-0.821222722530365,-1.4511421918869019,-0.955757200717926,-0.6490813493728638,-1.4073933362960815,-1.6563891172409058,-2.3296570777893066,-1.4014812707901,-1.493250846862793,-1.2779620885849,-1.741612195968628,-1.0345686674118042,-1.5205867290496826,-1.8080921173095703,-1.8703925609588623,-0.4206966757774353,-1.114306092262268,-1.0147674083709717,-1.7276619672775269,-1.3151496648788452,-1.6092603206634521,-1.2526798248291016,-1.3743515014648438,-1.2971447706222534,-1.2026004791259766,-1.6430400609970093,-1.232717514038086,-0.5660043358802795,-1.1929948329925537,-1.867719054222107
-2.4403398036956787,-1.5297492742538452,-1.2214345932006836,-1.2411466836929321,-1.3224941492080688,-1.3498514890670776,-1.5125645399093628,-1.4724926948547363,-1.4453178644180298,-1.5423182249069214,-1.6792654991149902,-2.4129412174224854,-1.537790298461914,-0.719229519367218,-1.0726752281188965,-1.473947525024414,-1.4444528818130493,-1.8354820013046265,-1.5435733795166016,-0.6488617658615112,-2.0937585830688477,-1.4217329025268555,-1.3806936740875244,-0.4220637083053589,-2.0290725231170654,-2.2111423015594482,-1.1531621217727661,-1.1685398817062378,-1.6660525798797607,-1.58909273147583,-2.186692714691162,-1.6082239151000977,-2.3307533264160156,-2.0829355716705322,-1.520831823348999,-1.4560798406600952,-0.9610105156898499,-1.5620205402374268,-1.0602775812149048,-0.654017448425293,-1.5020695924758911,-1.698975920677185,-2.6663615703582764,-1.6381984949111938,-1.7593294382095337,-1.5701931715011597,-2.0034029483795166,-1.178446888923645,-1.672121286392212,-1.958997368812561,-2.3174936771392822,-0.5592735409736633,-1.1852446794509888,-1.1114768981933594,-1.7445091009140015,-1.4222215414047241,-1.7398064136505127,-1.361698865890503,-1.4755244255065918,-1.3980774879455566,-1.310733437538147,-1.7314828634262085,-1.443160891532898,-0.6624556183815002,-1.4058068990707397,-2.0508382320404053
-2.134552001953125,-1.4222084283828735,-1.2752207517623901,-1.2949025630950928,-1.4231141805648804,-1.2913024425506592,-1.4232394695281982,-1.3215770721435547,-1.5311930179595947,-1.516574501991272,-1.6159799098968506,-2.2464797496795654,-1.2856601476669312,-0.6939880847930908,-1.0916625261306763,-1.367006540298462,-1.2792747020721436,-1.3845723867416382,-1.418991208076477,-0.49979737401008606,-1.93970787525177,-1.254313349723816,-1.3826751708984375,-0.44637739658355713,-1.9342883825302124,-1.6894670724868774,-1.202278733253479,-1.2187154293060303,-1.684080958366394,-1.549910306930542,-1.4586390256881714,-1.5421674251556396,-2.1621150970458984,-1.9968323707580566,-1.38762629032135,-1.2774877548217773,-0.8412929773330688,-1.5202229022979736,-0.7836683392524719,-0.642031729221344,-1.4654819965362549,-1.597112774848938,-2.456000328063965,-1.5504165887832642,-1.1330353021621704,-0.973686158657074,-1.8700908422470093,-1.0621843338012695,-1.5389529466629028,-1.8708813190460205,-1.6780012845993042,-0.39486220479011536,-1.0756590366363525,-1.0565482378005981,-1.684875726699829,-1.2408251762390137,-1.5218349695205688,-1.1723984479904175,-1.2860634326934814,-1.2389274835586548,-1.1264768838882446,-1.5795056819915771,-1.2960189580917358,-0.5156145691871643,-1.2388688325881958,-1.9328542947769165
-2.1580538749694824,-1.5432199239730835,-1.224760890007019,-1.2434598207473755,-1.3643397092819214,-1.3510347604751587,-1.483441948890686,-1.29672372341156,-1.5340442657470703,-1.515930414199829,-1.6206693649291992,-2.21315860748291,-1.3965405225753784,-0.6811741590499878,-1.127018690109253,-1.3654091358184814,-1.3446134328842163,-1.4001935720443726,-1.421403408050537,-0.5187087655067444,-1.9294131994247437,-1.184343934059143,-1.2444688081741333,-0.4482194483280182,-1.9412755966186523,-1.6831908226013184,-1.1091405153274536,-1.1288305521011353,-1.669335126876831,-1.4718064069747925,-1.5899312496185303,-1.5896369218826294,-2.1747829914093018,-2.004021167755127,-1.393843650817871,-1.2122776508331299,-0.8734252452850342,-1.5295032262802124,-0.8231237530708313,-0.6161535382270813,-1.4586000442504883,-1.6052031517028809,-2.504819631576538,-1.4922724962234497,-1.2178479433059692,-0.9619700312614441,-1.86750066280365,-1.086480736732483,-1.526998519897461,-1.8996778726577759,-1.618289589881897,-0.4028608798980713,-1.0773415565490723,-1.0301108360290527,-1.6807173490524292,-1.2498100996017456,-1.538741111755371,-1.181813359260559,-1.303171157836914,-1.2442991733551025,-1.1320711374282837,-1.5895073413848877,-1.2564027309417725,-0.5346811413764954,-1.2005500793457031,-1.9516053199768066
-2.4499967098236084,-1.6360862255096436,-1.2558811902999878,-1.2756367921829224,-1.368159294128418,-1.414320707321167,-1.5806190967559814,-1.3223470449447632,-1.4761029481887817,-1.5433087348937988,-1.6409717798233032,-2.435567855834961,-1.3569154739379883,-0.7206500172615051,-1.1247954368591309,-1.4815318584442139,-1.2368757724761963,-1.8066519498825073,-1.5456585884094238,-0.6334412693977356,-2.0565102100372314,-1.3443763256072998,-1.362188458442688,-0.4526638686656952,-1.9707379341125488,-2.1997413635253906,-1.1115200519561768,-1.1224513053894043,-1.6666450500488281,-1.5735013484954834,-2.1185591220855713,-1.7365554571151733,-2.375929594039917,-2.0887718200683594,-1.5353014469146729,-1.4142123460769653,-0.9008656144142151,-1.553007960319519,-1.0617872476577759,-0.6890779137611389,-1.4866297245025635,-1.7181257009506226,-2.5831637382507324,-1.5425078868865967,-1.7221221923828125,-1.5506293773651123,-1.8996831178665161,-1.0873336791992188,-1.686293601989746,-1.9224393367767334,-2.141932249069214,-0.541439414024353,-1.2055329084396362,-1.0684980154037476,-1.7554142475128174,-1.440273642539978,-1.7595100402832031,-1.374826431274414,-1.4952741861343384,-1.4172816276550293,-1.3224470615386963,-1.7471719980239868,-1.332236409187317,-0.663966715335846,-1.3033785820007324,-1.982116460800171
-2.407139301300049,-1.5860713720321655,-1.3170334100723267,-1.3405457735061646,-1.4349868297576904,-1.3884313106536865,-1.5548616647720337,-1.4414647817611694,-1.578791618347168,-1.5377730131149292,-1.6811844110488892,-2.4391109943389893,-1.2044247388839722,-0.7137606739997864,-1.0988643169403076,-1.4312031269073486,-1.349696397781372,-1.6434599161148071,-1.4831453561782837,-0.5715475082397461,-2.089304208755493,-1.4797946214675903,-1.506919503211975,-0.39223513007164,-2.0204954147338867,-2.0538456439971924,-1.2591254711151123,-1.2755507230758667,-1.6637545824050903,-1.5369759798049927,-1.9461371898651123,-1.6978745460510254,-2.2770462036132812,-2.0445306301116943,-1.4674514532089233,-1.4554600715637207,-0.845148503780365,-1.6724052429199219,-0.9396668076515198,-0.6514540314674377,-1.5676621198654175,-1.6689430475234985,-2.5460846424102783,-1.632561206817627,-1.5603636503219604,-1.3675706386566162,-1.9722936153411865,-0.987925112247467,-1.7878111600875854,-2.0226376056671143,-2.2275588512420654,-0.4798906743526459,-1.1283029317855835,-1.208822250366211,-1.7068272829055786,-1.3421834707260132,-1.6399757862091064,-1.2723217010498047,-1.3927839994430542,-1.3165682554244995,-1.2322989702224731,-1.6518735885620117,-1.4341685771942139,-0.6096901893615723,-1.4144206047058105,-2.0084097385406494
-2.297048330307007,-1.813647985458374,-1.403924822807312,-1.420480728149414,-1.519580364227295,-1.5429396629333496,-1.705775499343872,-1.3682432174682617,-1.60403573513031,-1.5301066637039185,-1.6543809175491333,-2.4054625034332275,-1.56363844871521,-0.7032244801521301,-1.2215464115142822,-1.454990029335022,-1.5264339447021484,-1.6827619075775146,-1.5176855325698853,-0.587688148021698,-2.0514779090881348,-1.3540838956832886,-1.3680187463760376,-0.47663527727127075,-2.0376505851745605,-2.1227922439575195,-1.2888270616531372,-1.3024300336837769,-1.664506435394287,-1.5556992292404175,-2.1651084423065186,-1.856898546218872,-2.302501916885376,-2.0620007514953613,-1.499008297920227,-1.4607058763504028,-0.9894168376922607,-1.5561254024505615,-0.9860464930534363,-0.6669046878814697,-1.5056105852127075,-1.6517139673233032,-2.626232862472534,-1.6216078996658325,-1.673007607460022,-1.4014683961868286,-1.913294792175293,-1.2168622016906738,-1.7464181184768677,-1.9944733381271362,-2.4052631855010986,-0.48974743485450745,-1.1600682735443115,-1.1099770069122314,-1.7222459316253662,-1.351880431175232,-1.6717627048492432,-1.2893543243408203,-1.4202609062194824,-1.334975004196167,-1.2455111742019653,-1.677687168121338,-1.3559685945510864,-0.6428360939025879,-1.346109390258789,-2.0523059368133545
-2.3869175910949707,-1.678639531135559,-1.3126776218414307,-1.3334206342697144,-1.4301621913909912,-1.4835572242736816,-1.632625937461853,-1.2673953771591187,-1.5447620153427124,-1.5428285598754883,-1.5988211631774902,-2.4102258682250977,-1.5060778856277466,-0.7197660803794861,-1.1562831401824951,-1.4645028114318848,-1.2803065776824951,-1.726056694984436,-1.5114704370498657,-0.629828691482544,-2.078115940093994,-1.2391325235366821,-1.2781161069869995,-0.4446128010749817,-1.9761393070220947,-2.09932279586792,-1.1205607652664185,-1.1354645490646362,-1.663590669631958,-1.490470051765442,-2.114877462387085,-1.7665280103683472,-2.374192476272583,-2.0796942710876465,-1.5155490636825562,-1.2949684858322144,-0.9411459565162659,-1.4958583116531372,-1.0501575469970703,-0.6598789691925049,-1.4579217433929443,-1.7118730545043945,-2.565568208694458,-1.5268312692642212,-1.663318395614624,-1.453283429145813,-1.799443006515503,-1.159568190574646,-1.6768323183059692,-1.811335563659668,-2.3859119415283203,-0.5213091969490051,-1.1738219261169434,-0.9832419753074646,-1.766197919845581,-1.4115427732467651,-1.7110118865966797,-1.3365792036056519,-1.4641566276550293,-1.3832319974899292,-1.2814431190490723,-1.712599515914917,-1.276283860206604,-0.6278776526451111,-1.2481980323791504,-1.9674795866012573
-2.1300110816955566,-1.4450805187225342,-1.3292663097381592,-1.364119529724121,-1.48446524143219,-1.2815111875534058,-1.396672248840332,-1.4235888719558716,-1.6506489515304565,-1.5206882953643799,-1.5833114385604858,-2.1527535915374756,-1.4466487169265747,-0.7273944616317749,-1.125897765159607,-1.3264189958572388,-1.3549060821533203,-1.422252893447876,-1.374341368675232,-0.4806102216243744,-1.8165615797042847,-1.26994788646698,-1.4315568208694458,-0.4504518508911133,-2.002561569213867,-1.619431495666504,-1.1584389209747314,-1.1654688119888306,-1.6538426876068115,-1.8255624771118164,-1.5095701217651367,-1.5050079822540283,-2.1440205574035645,-1.9708693027496338,-1.3865548372268677,-1.3367724418640137,-0.8775429129600525,-1.5335392951965332,-0.9546294212341309,-0.692570686340332,-1.4824833869934082,-1.6043297052383423,-2.4522008895874023,-1.4655382633209229,-1.2446869611740112,-1.046309232711792,-1.7732640504837036,-1.1124203205108643,-1.5014567375183105,-1.8198678493499756,-1.1599215269088745,-0.36562374234199524,-1.0519951581954956,-1.0153759717941284,-1.6869683265686035,-1.2497942447662354,-1.5365800857543945,-1.1735800504684448,-1.3002933263778687,-1.2490684986114502,-1.1297775506973267,-1.580055832862854,-1.235878348350525,-0.4779229760169983,-1.2442419528961182,-1.9662808179855347
-2.3590211868286133,-1.7114146947860718,-1.4546846151351929,-1.4645373821258545,-1.5621285438537598,-1.63246750831604,-1.795355200767517,-2.040879249572754,-1.7075772285461426,-1.5343302488327026,-2.0510146617889404,-2.403979539871216,-1.4565104246139526,-0.7269385457038879,-1.229467511177063,-1.4529246091842651,-1.7992521524429321,-1.6975282430648804,-1.466453194618225,-0.49502596259117126,-2.2599496841430664,-2.0258560180664062,-2.30460262298584,-0.5467629432678223,-2.2693727016448975,-2.187692880630493,-1.646182894706726,-1.676966667175293,-1.6600970029830933,-2.1157755851745605,-2.4365811347961426,-1.9779691696166992,-2.2886674404144287,-2.030834913253784,-1.4275002479553223,-2.049147844314575,-1.0649404525756836,-2.1806836128234863,-0.9602491855621338,-0.8001068234443665,-1.9377561807632446,-1.6701900959014893,-2.735196828842163,-1.8685014247894287,-1.698503851890564,-1.571647047996521,-2.2942006587982178,-1.1240580081939697,-1.7030029296875,-2.437537908554077,-2.573979139328003,-0.3334856927394867,-1.142539620399475,-1.562148928642273,-1.7336196899414062,-1.3411613702774048,-1.610478162765503,-1.2604507207870483,-1.3667101860046387,-1.304309606552124,-1.2082138061523438,-1.6385923624038696,-1.933457851409912,-0.5667107105255127,-2.3762855529785156,-2.293769121170044
-2.185154676437378,-1.620152473449707,-1.4292951822280884,-1.4488755464553833,-1.561091661453247,-1.4511427879333496,-1.5920172929763794,-1.8069169521331787,-1.7078857421875,-1.5189546346664429,-1.7171279191970825,-2.2302472591400146,-1.3249876499176025,-0.7244100570678711,-1.1590641736984253,-1.2629297971725464,-1.5401108264923096,-1.628724217414856,-1.3337217569351196,-0.45922333002090454,-2.0128626823425293,-1.6501635313034058,-1.9886798858642578,-0.5136854648590088,-2.243643045425415,-1.9571844339370728,-1.376086711883545,-1.3953831195831299,-1.6600453853607178,-2.0411319732666016,-1.8130491971969604,-1.7359563112258911,-2.164107084274292,-1.9788827896118164,-1.3639646768569946,-1.654922366142273,-0.9201645851135254,-1.8254075050354004,-0.9444037079811096,-0.8124139308929443,-1.7420053482055664,-1.5552507638931274,-2.6255640983581543,-1.5826495885849,-1.4732835292816162,-1.3820204734802246,-2.113405227661133,-1.0948569774627686,-1.5594521760940552,-2.128701686859131,-2.1684253215789795,-0.3580949902534485,-0.8139497637748718,-1.2934081554412842,-1.677388310432434,-1.2194864749908447,-1.502745270729065,-1.1460622549057007,-1.2773245573043823,-1.2154102325439453,-1.124618649482727,-1.5564632415771484,-1.513632893562317,-0.520878255367279,-1.7178475856781006,-2.2016806602478027
-2.4266233444213867,-1.5853873491287231,-1.2635347843170166,-1.2803808450698853,-1.3720204830169678,-1.3988044261932373,-1.5649009943008423,-1.3819615840911865,-1.4827238321304321,-1.5362131595611572,-1.6368749141693115,-2.4222540855407715,-1.3479292392730713,-0.7099794745445251,-1.0906809568405151,-1.45314621925354,-1.2834805250167847,-1.7269105911254883,-1.508933663368225,-0.6141088008880615,-2.088364601135254,-1.39374577999115,-1.387699842453003,-0.4138229787349701,-2.019742488861084,-2.2395005226135254,-1.1594642400741577,-1.1738401651382446,-1.6652575731277466,-1.613667368888855,-2.1301724910736084,-1.6824181079864502,-2.318296432495117,-2.078695774078369,-1.5039798021316528,-1.4152945280075073,-0.8880031108856201,-1.5700570344924927,-1.0071455240249634,-0.661279559135437,-1.4979990720748901,-1.6853997707366943,-2.5966687202453613,-1.5892499685287476,-1.6881940364837646,-1.406080722808838,-1.953362226486206,-1.0577311515808105,-1.72080659866333,-2.032925605773926,-2.305345058441162,-0.5435068607330322,-1.1556828022003174,-1.2219775915145874,-1.72636878490448,-1.3902106285095215,-1.6977680921554565,-1.3220107555389404,-1.440077781677246,-1.366051197052002,-1.2751035690307617,-1.6972131729125977,-1.4046834707260132,-0.6380650401115417,-1.3754571676254272,-2.028459310531616
-2.337590456008911,-1.8038231134414673,-1.4655137062072754,-1.4697375297546387,-1.5989834070205688,-1.4668614864349365,-1.6178572177886963,-1.7667715549468994,-1.7178598642349243,-1.509068489074707,-2.0695290565490723,-2.3537065982818604,-1.475875973701477,-0.7014500498771667,-1.1995521783828735,-1.374787449836731,-1.5397748947143555,-1.6182825565338135,-1.3965941667556763,-0.5484287142753601,-1.9823017120361328,-1.7307803630828857,-2.0312697887420654,-0.5867459177970886,-2.2458722591400146,-1.945399284362793,-1.5043962001800537,-1.516958475112915,-1.6728482246398926,-1.939208984375,-1.7795759439468384,-1.8555307388305664,-2.1910715103149414,-2.0136733055114746,-1.4212188720703125,-1.7919789552688599,-1.0026665925979614,-1.8796030282974243,-0.9333361983299255,-0.7421022057533264,-1.7859277725219727,-1.619908094406128,-2.686357259750366,-1.7761284112930298,-1.604691743850708,-1.4375475645065308,-2.2179346084594727,-1.183476209640503,-1.7296627759933472,-2.247927665710449,-2.0835070610046387,-0.5160963535308838,-1.0758037567138672,-1.4763343334197998,-1.5399069786071777,-1.309274435043335,-1.6055365800857544,-1.242795705795288,-1.3453933000564575,-1.2879931926727295,-1.2006741762161255,-1.6439722776412964,-1.6332570314407349,-0.575497031211853,-1.7535252571105957,-2.227076292037964
-2.250887870788574,-1.7282109260559082,-1.511087417602539,-1.524691104888916,-1.6631652116775513,-1.5877892971038818,-1.751074194908142,-1.9763514995574951,-1.8463200330734253,-1.528787612915039,-1.996755838394165,-2.344794273376465,-1.5661182403564453,-0.7321381568908691,-1.273909330368042,-1.4247125387191772,-1.7404848337173462,-1.6697660684585571,-1.4517942667007446,-0.5157999396324158,-2.096620798110962,-2.006943464279175,-2.4026939868927,-0.5663032531738281,-2.257998466491699,-1.9158812761306763,-1.6800305843353271,-1.7129085063934326,-1.6520291566848755,-2.155815839767456,-1.9792399406433105,-2.007429361343384,-2.2150461673736572,-2.0010762214660645,-1.3569326400756836,-1.9705653190612793,-1.0123157501220703,-2.193878650665283,-0.9703856706619263,-0.8049944043159485,-1.9353971481323242,-1.6148170232772827,-2.61365008354187,-1.8964601755142212,-1.5809177160263062,-1.4595428705215454,-2.1565263271331787,-1.2885514497756958,-1.6549690961837769,-2.3060498237609863,-2.359880208969116,-0.40282320976257324,-1.1154780387878418,-1.5092852115631104,-1.735063076019287,-1.1850957870483398,-1.5053361654281616,-1.151816487312317,-1.2694716453552246,-1.2088032960891724,-1.1057250499725342,-1.553696632385254,-1.994907259941101,-0.5565934181213379,-2.2777600288391113,-2.225085496902466
-2.2755680084228516,-1.7413902282714844,-1.4721330404281616,-1.4790842533111572,-1.6129015684127808,-1.5622907876968384,-1.7204078435897827,-1.9985041618347168,-1.802690863609314,-1.530480980873108,-1.9979794025421143,-2.3318300247192383,-1.5154509544372559,-0.7335792183876038,-1.2639836072921753,-1.411888837814331,-1.7534301280975342,-1.6958891153335571,-1.4510542154312134,-0.5027912855148315,-2.1301560401916504,-1.8812810182571411,-2.2506918907165527,-0.5538544058799744,-2.2581820487976074,-1.9454452991485596,-1.6507271528244019,-1.6800811290740967,-1.6554760932922363,-2.17988920211792,-2.043708324432373,-1.955835223197937,-2.2283849716186523,-2.0066211223602295,-1.3593395948410034,-1.9111993312835693,-1.009104609489441,-2.0659403800964355,-0.9823333024978638,-0.8193273544311523,-1.8310672044754028,-1.6233969926834106,-2.624683380126953,-1.8662933111190796,-1.6060374975204468,-1.5219590663909912,-2.1446728706359863,-1.2737371921539307,-1.6663390398025513,-2.2653005123138428,-2.412275552749634,-0.41292619705200195,-1.0933887958526611,-1.4917418956756592,-1.7330085039138794,-1.2312350273132324,-1.396143913269043,-1.1630303859710693,-1.2896555662155151,-1.2160247564315796,-1.1248313188552856,-1.5749791860580444,-1.9140019416809082,-0.5590808391571045,-2.2628612518310547,-2.2330620288848877
-2.2437102794647217,-1.6744235754013062,-1.4654215574264526,-1.477625846862793,-1.601413369178772,-1.5710119009017944,-1.7214239835739136,-1.9227867126464844,-1.7814357280731201,-1.5306869745254517,-1.9401252269744873,-2.322557210922241,-1.5004839897155762,-0.7301798462867737,-1.2334436178207397,-1.403903603553772,-1.6581183671951294,-1.7011044025421143,-1.4414122104644775,-0.4998665452003479,-2.0885415077209473,-1.8136022090911865,-2.236721992492676,-0.5503151416778564,-2.2057642936706543,-2.02984881401062,-1.577069640159607,-1.6017643213272095,-1.6615691184997559,-2.1472108364105225,-2.092106819152832,-1.9300312995910645,-2.2167088985443115,-2.011805772781372,-1.3748544454574585,-1.860592246055603,-1.025761365890503,-2.046257257461548,-0.9906743764877319,-0.787053644657135,-1.8213844299316406,-1.6228854656219482,-2.5699448585510254,-1.8017791509628296,-1.5998153686523438,-1.454492449760437,-2.108351945877075,-1.202355980873108,-1.667920470237732,-2.271026849746704,-2.4833877086639404,-0.4000187814235687,-1.0972232818603516,-1.4548053741455078,-1.725203514099121,-1.2253055572509766,-1.501814842224121,-1.1421146392822266,-1.2824926376342773,-1.2203855514526367,-1.112880825996399,-1.5602093935012817,-1.8311536312103271,-0.5728307962417603,-2.136979341506958,-2.1700081825256348
-2.2383949756622314,-1.7200652360916138,-1.4451720714569092,-1.4474844932556152,-1.5916602611541748,-1.5888855457305908,-1.7423760890960693,-1.9726625680923462,-1.7677063941955566,-1.5285595655441284,-2.038264274597168,-2.3495540618896484,-1.5610826015472412,-0.7240713834762573,-1.2673416137695312,-1.411658763885498,-1.7411599159240723,-1.6384632587432861,-1.4449422359466553,-0.506374716758728,-2.0875823497772217,-1.8270069360733032,-2.233247995376587,-0.5545831918716431,-2.2327933311462402,-1.9408336877822876,-1.672348976135254,-1.7024048566818237,-1.655814290046692,-2.057687520980835,-2.035416841506958,-1.982038140296936,-2.2121829986572266,-2.005387783050537,-1.3592718839645386,-1.8332868814468384,-1.010444164276123,-2.130577564239502,-0.9596105217933655,-0.7726223468780518,-1.830651879310608,-1.6135995388031006,-2.5951108932495117,-1.9156094789505005,-1.5614995956420898,-1.4332947731018066,-2.1809709072113037,-1.2834866046905518,-1.6255073547363281,-2.281425952911377,-2.4282279014587402,-0.39623260498046875,-1.0923129320144653,-1.5701885223388672,-1.7255381345748901,-1.2149865627288818,-1.51175856590271,-1.1509733200073242,-1.1683788299560547,-1.224548101425171,-1.1025381088256836,-1.5826783180236816,-1.9575399160385132,-0.5797024965286255,-2.2183384895324707,-2.1929657459259033
-2.2789666652679443,-1.7371318340301514,-1.4560126066207886,-1.4672027826309204,-1.5918809175491333,-1.579249620437622,-1.751591444015503,-2.0819902420043945,-1.8061803579330444,-1.53289794921875,-1.9206329584121704,-2.3508799076080322,-1.5927155017852783,-0.7279394865036011,-1.2988356351852417,-1.4334923028945923,-1.7399722337722778,-1.7007529735565186,-1.4547683000564575,-0.5082143545150757,-2.1513795852661133,-1.8520697355270386,-2.2895891666412354,-0.5460904836654663,-2.2324111461639404,-1.9163163900375366,-1.6835945844650269,-1.7181757688522339,-1.6607304811477661,-2.1215310096740723,-2.073707103729248,-1.9782440662384033,-2.2413084506988525,-2.019879102706909,-1.3717366456985474,-1.8520877361297607,-1.018239140510559,-2.2064199447631836,-0.9813622236251831,-0.7898526787757874,-1.909407615661621,-1.6211501359939575,-2.5611836910247803,-1.895047664642334,-1.6723766326904297,-1.4940372705459595,-2.0747289657592773,-1.3022427558898926,-1.601505994796753,-2.2361934185028076,-2.478128433227539,-0.40527746081352234,-1.1186443567276,-1.5609381198883057,-1.7585785388946533,-1.21945059299469,-1.5142183303833008,-1.1584692001342773,-1.2984025478363037,-1.1414177417755127,-1.1127218008041382,-1.5759600400924683,-1.9305965900421143,-0.564546525478363,-2.275167226791382,-2.1913833618164062
-2.2475266456604004,-1.6668670177459717,-1.43889319896698,-1.4530619382858276,-1.602014183998108,-1.573083519935608,-1.7262415885925293,-1.880347728729248,-1.7562707662582397,-1.5294421911239624,-1.9678221940994263,-2.3228890895843506,-1.4655510187149048,-0.7299442887306213,-1.2479009628295898,-1.4000319242477417,-1.6675347089767456,-1.7010302543640137,-1.4356344938278198,-0.4987660050392151,-2.088064193725586,-1.8437986373901367,-2.203981637954712,-0.541369616985321,-2.201786994934082,-2.049834728240967,-1.5862298011779785,-1.6128082275390625,-1.657594919204712,-2.0796453952789307,-2.0381081104278564,-1.9240844249725342,-2.2051939964294434,-2.0048375129699707,-1.380233883857727,-1.8398537635803223,-1.0124682188034058,-1.9636460542678833,-0.9795784950256348,-0.7750887870788574,-1.7895047664642334,-1.6162258386611938,-2.6157822608947754,-1.7876721620559692,-1.6056238412857056,-1.4930095672607422,-2.1616668701171875,-1.1642225980758667,-1.6422253847122192,-2.2126951217651367,-2.392573833465576,-0.3932393193244934,-1.0866419076919556,-1.4765515327453613,-1.7256184816360474,-1.2285362482070923,-1.4917092323303223,-1.1585752964019775,-1.27474844455719,-1.214450478553772,-1.0946376323699951,-1.5477374792099,-1.7620701789855957,-0.5704500079154968,-2.0808937549591064,-2.190110206604004
-2.2878706455230713,-1.7686396837234497,-1.4975868463516235,-1.5022318363189697,-1.6363282203674316,-1.6145353317260742,-1.7644808292388916,-1.9576694965362549,-1.8486075401306152,-1.5312528610229492,-1.9628071784973145,-2.3965401649475098,-1.5372076034545898,-0.7233587503433228,-1.285298466682434,-1.4355336427688599,-1.711145043373108,-1.6702711582183838,-1.4860267639160156,-0.5211105346679688,-2.179703712463379,-1.8575149774551392,-2.347705602645874,-0.5604930520057678,-2.212282657623291,-2.001283645629883,-1.663083553314209,-1.7033073902130127,-1.6688705682754517,-2.063016653060913,-2.1940934658050537,-1.9747968912124634,-2.252687454223633,-2.0227620601654053,-1.3841829299926758,-1.837863564491272,-1.0487405061721802,-2.183070182800293,-0.9732361435890198,-0.7736014127731323,-1.8901855945587158,-1.6378031969070435,-2.6324923038482666,-1.9215859174728394,-1.6322352886199951,-1.460278034210205,-2.1716887950897217,-1.2788029909133911,-1.6362115144729614,-2.2704713344573975,-2.5774412155151367,-0.42260292172431946,-1.131286382675171,-1.4996095895767212,-1.7479503154754639,-1.2304861545562744,-1.5519092082977295,-1.17547607421875,-1.3695579767227173,-1.2250608205795288,-1.1292644739151,-1.472375512123108,-1.9072667360305786,-0.5873055458068848,-2.148326873779297,-2.2051329612731934
-2.4480507373809814,-1.6425563097000122,-1.302446722984314,-1.3220252990722656,-1.4104406833648682,-1.433288812637329,-1.6012845039367676,-1.4615119695663452,-1.5208215713500977,-1.5421274900436401,-1.6606906652450562,-2.4952585697174072,-1.3915332555770874,-0.7165585160255432,-1.1686550378799438,-1.4880138635635376,-1.3264832496643066,-1.819779634475708,-1.5418872833251953,-0.6516296863555908,-2.13456130027771,-1.4154274463653564,-1.4785832166671753,-0.45849043130874634,-2.0007314682006836,-2.2173595428466797,-1.1906789541244507,-1.2071917057037354,-1.6636402606964111,-1.5964546203613281,-2.176767349243164,-1.742445707321167,-2.3376364707946777,-2.0945024490356445,-1.5317604541778564,-1.4890413284301758,-0.9258439540863037,-1.6160975694656372,-1.0457026958465576,-0.6855284571647644,-1.5315665006637573,-1.6952664852142334,-2.5990631580352783,-1.605883002281189,-1.7397385835647583,-1.5476773977279663,-1.9641741514205933,-1.101037621498108,-1.7521028518676758,-2.082707405090332,-2.3253822326660156,-0.5737937092781067,-1.1827327013015747,-1.159680724143982,-1.7490649223327637,-1.4309639930725098,-1.7446640729904175,-1.3686938285827637,-1.4784101247787476,-1.4057679176330566,-1.3106051683425903,-1.7330890893936157,-1.5571521520614624,-0.6655532717704773,-1.4896830320358276,-2.0169951915740967
-2.2723727226257324,-1.6269984245300293,-1.483583927154541,-1.5025509595870972,-1.5895617008209229,-1.4609466791152954,-1.618485450744629,-2.0436148643493652,-1.749569058418274,-1.5327752828598022,-1.7928180694580078,-2.2434935569763184,-1.3426146507263184,-0.7290692925453186,-1.18299400806427,-1.3870759010314941,-1.6310161352157593,-1.6375771760940552,-1.376815676689148,-0.4545724391937256,-2.1086554527282715,-1.8348307609558105,-2.1414482593536377,-0.5263229608535767,-2.26420259475708,-1.9745919704437256,-1.4596346616744995,-1.4725650548934937,-1.6561682224273682,-2.1595358848571777,-1.9971123933792114,-1.7604663372039795,-2.2004618644714355,-2.0017526149749756,-1.393797516822815,-2.0162127017974854,-0.9365970492362976,-1.9296239614486694,-0.9921277761459351,-0.7993772625923157,-1.786175012588501,-1.6086525917053223,-2.524207830429077,-1.7147289514541626,-1.538760781288147,-1.4055163860321045,-2.0259361267089844,-1.1085712909698486,-1.6965075731277466,-2.119302272796631,-2.3183858394622803,-0.31121549010276794,-1.0777761936187744,-1.30959153175354,-1.716340184211731,-1.2834097146987915,-1.5554075241088867,-1.2097855806350708,-1.3335552215576172,-1.2639330625534058,-1.1728283166885376,-1.5971853733062744,-1.7380099296569824,-0.43397748470306396,-2.218357563018799,-2.2044308185577393
-2.4936397075653076,-1.6233408451080322,-1.3102784156799316,-1.3351532220840454,-1.422194480895996,-1.4268614053726196,-1.6015321016311646,-1.4735733270645142,-1.5151090621948242,-1.5493391752243042,-1.6145869493484497,-2.525200605392456,-1.3683136701583862,-0.7106940746307373,-1.1696630716323853,-1.5269743204116821,-1.2505050897598267,-1.851996898651123,-1.566709041595459,-0.6885986924171448,-2.179949998855591,-1.4068950414657593,-1.4250742197036743,-0.45770952105522156,-1.9659489393234253,-2.324427604675293,-1.1814689636230469,-1.1932814121246338,-1.6688930988311768,-1.6016477346420288,-2.255476474761963,-1.7225463390350342,-2.37273907661438,-2.101480722427368,-1.5528758764266968,-1.5173817873001099,-0.9189052581787109,-1.5867329835891724,-1.0579540729522705,-0.6900408864021301,-1.5330450534820557,-1.7105607986450195,-2.5652191638946533,-1.6140036582946777,-1.7866897583007812,-1.6098634004592896,-1.8803879022598267,-1.0912926197052002,-1.7446008920669556,-2.0016462802886963,-2.4140872955322266,-0.5995253324508667,-1.2196149826049805,-1.1318520307540894,-1.7625081539154053,-1.4572012424468994,-1.7856295108795166,-1.3938575983047485,-1.5170584917068481,-1.4313123226165771,-1.3378236293792725,-1.767737865447998,-1.4807072877883911,-0.7007653117179871,-1.5512771606445312,-1.979727864265442
-2.2951316833496094,-1.4870522022247314,-1.271446704864502,-1.2798506021499634,-1.3895193338394165,-1.321001410484314,-1.453015923500061,-1.2659777402877808,-1.4702904224395752,-1.5219855308532715,-1.5681923627853394,-2.3063671588897705,-1.2505009174346924,-0.7122327089309692,-1.1176844835281372,-1.4096112251281738,-1.1394063234329224,-1.6153689622879028,-1.4483972787857056,-0.5636213421821594,-1.9547603130340576,-1.3262873888015747,-1.3321986198425293,-0.45764046907424927,-1.9158046245574951,-1.880949854850769,-1.1376808881759644,-1.1439964771270752,-1.6851145029067993,-1.5395580530166626,-1.7757413387298584,-1.560664176940918,-2.2778167724609375,-2.056304693222046,-1.4471855163574219,-1.3420594930648804,-0.8319305181503296,-1.483941674232483,-0.9916766881942749,-0.6351915001869202,-1.4684592485427856,-1.6467701196670532,-2.388561964035034,-1.515133261680603,-1.4773739576339722,-1.2369412183761597,-1.8098505735397339,-1.0159342288970947,-1.6123754978179932,-1.86434006690979,-1.8497837781906128,-0.47253891825675964,-1.1272038221359253,-1.0504090785980225,-1.7277451753616333,-1.341270923614502,-1.6411546468734741,-1.2724601030349731,-1.3879163265228271,-1.3231676816940308,-1.2257297039031982,-1.6718119382858276,-1.2971423864364624,-0.5902172923088074,-1.2629971504211426,-1.8644778728485107
